group_key,is_rep,priority,group_size,jp_type,offset,end,text,ja_tpl,locks
うひ……うひひひ……,1,50,1,normal,43987,44039,                     うひ……うひひひ……,                     うひ……うひひひ……,[]
それじゃあ、達も行こっか,1,52,1,normal,44049,44104,それじゃあ、<私:わたくし>達も行こっか,それじゃあ、{{L000}}達も行こっか,"[""<私:わたくし>""]"
あ、ああ……,1,46,1,normal,44114,44133,あ、ああ……,あ、ああ……,[]
ま、待って下さい……,1,50,1,normal,44143,44174,ま、待って下さい……,ま、待って下さい……,[]
このコ、本当にいい子なんです,1,54,1,normal,44184,44227,このコ、本当にいい子なんです,このコ、本当にいい子なんです,[]
ホロロ、ホロロロロロロロッ！,1,64,2,normal,44237,44280,ホロロ、ホロロロロロロロッ！,ホロロ、ホロロロロロロロッ！,[]
ホロロ、ホロロロロロロロッ！,0,64,2,normal,53211,53254,ホロロ、ホロロロロロロロッ！,ホロロ、ホロロロロロロロッ！,[]
ヒィーー く、来るなァァァァァァァァァァ,1,60,1,normal,44290,44351,ヒィーー　く、来るなァァァァァァァァァァ,ヒィーー　く、来るなァァァァァァァァァァ,[]
この道…… もしかしたら……,1,54,1,normal,44361,44402,"この道……
もしかしたら……","この道……
もしかしたら……",[]
這條路…… 難道……,1,35,1,kanji_term,44402,44431,"這條路……
難道……","這條路……
難道……",[]
行ってみよう。,1,47,1,normal,44459,44481,行ってみよう。,行ってみよう。,[]
就去看看吧。,1,31,1,kanji_term,44481,44500,就去看看吧。,就去看看吧。,[]
この先、きっとなにかある……,1,54,1,normal,44520,44563,この先、きっとなにかある……,この先、きっとなにかある……,[]
前方一定有東西……,1,34,1,kanji_term,44563,44591,前方一定有東西……,前方一定有東西……,[]
でもなんだろう…… この気持ち……,1,57,1,normal,44631,44681,"でもなんだろう……
この気持ち……","でもなんだろう……
この気持ち……",[]
不過怎麼了…… 這個感覺……,1,24,1,kanji_sentence,44681,44722,"不過怎麼了……
這個感覺……","不過怎麼了……
這個感覺……",[]
よぉし！ テメェ等、早いとこ仕上げちまうぜ！,1,62,1,normal,44767,44832,"よぉし！
テメェ等、早いとこ仕上げちまうぜ！","よぉし！
テメェ等、早いとこ仕上げちまうぜ！",[]
好！ 你們趕快結束這一切吧！,1,24,1,kanji_sentence,44832,44873,"好！
你們趕快結束這一切吧！","好！
你們趕快結束這一切吧！",[]
本当に……大丈夫なのか？,1,52,1,normal,44911,44948,本当に……大丈夫なのか？,本当に……大丈夫なのか？,[]
真的……沒問題嗎？,1,34,1,kanji_term,44948,44976,真的……沒問題嗎？,真的……沒問題嗎？,[]
野郎ども！ 気合入れていけよォッ！,1,57,1,normal,45010,45060,"野郎ども！
気合入れていけよォッ！","野郎ども！
気合入れていけよォッ！",[]
你們這些傢伙！ 給我提起幹勁上吧！,1,27,1,kanji_sentence,45060,45110,"你們這些傢伙！
給我提起幹勁上吧！","你們這些傢伙！
給我提起幹勁上吧！",[]
なんだ、この鉄扇……？ 妙に使いやすいな……,1,62,1,normal,45143,45208,"なんだ、この鉄扇……？
妙に使いやすいな……","なんだ、この鉄扇……？
妙に使いやすいな……",[]
這個鐵扇是怎樣……？ 其實還蠻好用的耶……,1,31,1,kanji_sentence,45208,45270,"這個鐵扇是怎樣……？
其實還蠻好用的耶……","這個鐵扇是怎樣……？
其實還蠻好用的耶……",[]
ハク殿！ マロの呪法を見てくれたでおじゃるか！,1,63,1,normal,45337,45405,"ハク殿！
マロの呪法を見てくれたでおじゃるか！","ハク殿！
マロの呪法を見てくれたでおじゃるか！",[]
哈克大人！ 您看到麻呂我的咒法了嗎！,1,28,1,kanji_sentence,45405,45458,"哈克大人！
您看到麻呂我的咒法了嗎！","哈克大人！
您看到麻呂我的咒法了嗎！",[]
ん？ あぁ……,1,47,1,normal,45500,45522,ん？　あぁ……,ん？　あぁ……,[]
啊？嗯……,1,30,1,kanji_term,45522,45538,啊？嗯……,啊？嗯……,[]
何というか、 夢に出てきそうなくらい不気味だったな……,1,67,1,normal,45554,45634,"何というか、
夢に出てきそうなくらい不気味だったな……","何というか、
夢に出てきそうなくらい不気味だったな……",[]
マロは接近戦が苦手でおじゃる…… 注意してほしいでおじゃるよ……,1,70,1,normal,45749,45844,"マロは接近戦が苦手でおじゃる……
注意してほしいでおじゃるよ……","マロは接近戦が苦手でおじゃる……
注意してほしいでおじゃるよ……",[]
麻呂很不擅長近距離戰鬥…… 請多留心這點……,1,32,1,kanji_sentence,45844,45909,"麻呂很不擅長近距離戰鬥……
請多留心這點……","麻呂很不擅長近距離戰鬥……
請多留心這點……",[]
見れば見るほど、おかしな生物だ…… ムカデ…？ それともサソリなのか？,1,70,1,normal,45988,46092,"見れば見るほど、おかしな生物だ……
ムカデ…？　それともサソリなのか？","見れば見るほど、おかしな生物だ……
ムカデ…？　それともサソリなのか？",[]
這生物越看越奇怪…… 是蜈蚣……？還是蠍子呢？,1,33,1,kanji_sentence,46092,46160,"這生物越看越奇怪……
是蜈蚣……？還是蠍子呢？","這生物越看越奇怪……
是蜈蚣……？還是蠍子呢？",[]
それにしても寒すぎる…… 熱燗の一本でも欲しいところだが……,1,70,1,normal,46247,46336,"それにしても寒すぎる……
熱燗の一本でも欲しいところだが……","それにしても寒すぎる……
熱燗の一本でも欲しいところだが……",[]
未免也太冷了吧…… 好想要一瓶熱清酒喔……,1,31,1,kanji_sentence,46336,46398,"未免也太冷了吧……
好想要一瓶熱清酒喔……","未免也太冷了吧……
好想要一瓶熱清酒喔……",[]
同感でおじゃる……,1,49,1,normal,46483,46511,同感でおじゃる……,同感でおじゃる……,[]
麻呂也有同感……,1,33,1,kanji_term,46511,46536,麻呂也有同感……,麻呂也有同感……,[]
クオンの方は、大丈夫だろうか……？,1,57,1,normal,46559,46611,クオンの方は、大丈夫だろうか……？,クオンの方は、大丈夫だろうか……？,[]
久遠應該沒事吧……？,1,35,1,kanji_term,46611,46642,久遠應該沒事吧……？,久遠應該沒事吧……？,[]
間近で見ると、コイツとんでもない大きさだぞ！,1,62,1,normal,46668,46735,間近で見ると、コイツとんでもない大きさだぞ！,間近で見ると、コイツとんでもない大きさだぞ！,[]
近看才發現這傢伙簡直大到不行！,1,25,1,kanji_sentence,46735,46781,近看才發現這傢伙簡直大到不行！,近看才發現這傢伙簡直大到不行！,[]
ハク殿！ あぶないでおじゃる！！,1,56,1,normal,46833,46882,ハク殿！　あぶないでおじゃる！！,ハク殿！　あぶないでおじゃる！！,[]
哈克大人！危險啊！！,1,35,1,kanji_term,46882,46913,哈克大人！危險啊！！,哈克大人！危險啊！！,[]
急げ！！ あんなのに捕まったら最後だ！！,1,60,1,normal,46939,46998,"急げ！！
あんなのに捕まったら最後だ！！","急げ！！
あんなのに捕まったら最後だ！！",[]
快跑！ 被那東西抓住可就完了！,1,25,1,kanji_sentence,46998,47042,"快跑！
被那東西抓住可就完了！","快跑！
被那東西抓住可就完了！",[]
ひっ！？ ハク殿、待ってほしいでおじゃる！！,1,62,1,normal,47071,47136,"ひっ！？
ハク殿、待ってほしいでおじゃる！！","ひっ！？
ハク殿、待ってほしいでおじゃる！！",[]
マロはハク殿ほど足が速くないでおじゃる！ 置いてかないでほしいでおじゃるよぅ～！,1,70,1,normal,47223,47342,"マロはハク殿ほど足が速くないでおじゃる！
置いてかないでほしいでおじゃるよぅ～！","マロはハク殿ほど足が速くないでおじゃる！
置いてかないでほしいでおじゃるよぅ～！",[]
罠まであともう少しだ……！ それまで逃げ切らないと……！,1,68,1,normal,47469,47552,"罠まであともう少しだ……！
それまで逃げ切らないと……！","罠まであともう少しだ……！
それまで逃げ切らないと……！",[]
離陷阱只差幾步了……！ 在那之前絕對不能被抓到……！,1,36,1,kanji_sentence,47552,47629,"離陷阱只差幾步了……！
在那之前絕對不能被抓到……！","離陷阱只差幾步了……！
在那之前絕對不能被抓到……！",[]
ひぃぃぃ～！！ やっぱり怖いでおじゃるぅぅ！！,1,63,1,normal,47688,47758,ひぃぃぃ～！！　やっぱり怖いでおじゃるぅぅ！！,ひぃぃぃ～！！　やっぱり怖いでおじゃるぅぅ！！,[]
おい！ いいから走れ！！ 本当に食われちまうぞ！！,1,65,1,normal,47831,47905,"おい！　いいから走れ！！
本当に食われちまうぞ！！","おい！　いいから走れ！！
本当に食われちまうぞ！！",[]
喂！總之快跑！！ 不然真的會被吃掉的！！,1,30,1,kanji_sentence,47905,47964,"喂！總之快跑！！
不然真的會被吃掉的！！","喂！總之快跑！！
不然真的會被吃掉的！！",[]
何故マロがこんな目にぃ…… 早く帝都に、戻りたいでおじゃるぅ……,1,70,1,normal,48011,48106,"何故マロがこんな目にぃ……
早く帝都に、戻りたいでおじゃるぅ……","何故マロがこんな目にぃ……
早く帝都に、戻りたいでおじゃるぅ……",[]
為什麼麻呂得遇到這種事…… 好想快點回到帝都……,1,34,1,kanji_sentence,48106,48177,"為什麼麻呂得遇到這種事……
好想快點回到帝都……","為什麼麻呂得遇到這種事……
好想快點回到帝都……",[]
よし、一旦巻いたか……？ あとはこの先の崖まで全力で走るぞ！,1,70,1,normal,48265,48354,"よし、一旦巻いたか……？
あとはこの先の崖まで全力で走るぞ！","よし、一旦巻いたか……？
あとはこの先の崖まで全力で走るぞ！",[]
はぁ…はぁ…！ マ、マロはもう、限界でおじゃるよ……,1,66,1,normal,48501,48578,"はぁ…はぁ…！
マ、マロはもう、限界でおじゃるよ……","はぁ…はぁ…！
マ、マロはもう、限界でおじゃるよ……",[]
来たぞ！！ このまま全力で逃げ切るぞ！！,1,60,1,normal,48681,48740,"来たぞ！！
このまま全力で逃げ切るぞ！！","来たぞ！！
このまま全力で逃げ切るぞ！！",[]
來了！！ 就這樣盡全力跑走囉！！,1,26,1,kanji_sentence,48740,48787,"來了！！
就這樣盡全力跑走囉！！","來了！！
就這樣盡全力跑走囉！！",[]
ひぃぃぃ～～～～！！！！！,1,53,1,normal,48821,48861,ひぃぃぃ～～～～！！！！！,ひぃぃぃ～～～～！！！！！,[]
おめェら！ あんな鳥にビビってんじゃねェ！！ さっさと終わらせちまうぜぇ！？,1,70,1,normal,48900,49013,"おめェら！　あんな鳥にビビってんじゃねェ！！
さっさと終わらせちまうぜぇ！？","おめェら！　あんな鳥にビビってんじゃねェ！！
さっさと終わらせちまうぜぇ！？",[]
喂你們！那隻鳥有什麼好怕的！ 可要趕快解決喔？,1,33,1,kanji_sentence,49013,49081,"喂你們！那隻鳥有什麼好怕的！
可要趕快解決喔？","喂你們！那隻鳥有什麼好怕的！
可要趕快解決喔？",[]
へい、頭！！,1,46,1,normal,49170,49189,へい、頭！！,へい、頭！！,[]
是的，老大！,1,31,1,kanji_term,49189,49208,是的，老大！,是的，老大！,[]
コォォォォォォォォォォッ！,1,53,1,normal,49220,49260,コォォォォォォォォォォッ！,コォォォォォォォォォォッ！,[]
嘎哦哦哦哦哦！,1,32,1,kanji_term,49260,49282,嘎哦哦哦哦哦！,嘎哦哦哦哦哦！,[]
ココポ、お願いだから落ち着いて……,1,57,1,normal,49303,49355,ココポ、お願いだから落ち着いて……,ココポ、お願いだから落ち着いて……,[]
女はたっぷり可愛がってやんよ～！,1,56,1,normal,49432,49481,女はたっぷり可愛がってやんよ～！,女はたっぷり可愛がってやんよ～！,[]
へらず口がきけるのも、今のうちかな？,1,58,1,normal,49563,49618,へらず口がきけるのも、今のうちかな？,へらず口がきけるのも、今のうちかな？,[]
你也只能在這時候大放厥詞了吧？,1,25,1,kanji_sentence,49618,49664,你也只能在這時候大放厥詞了吧？,你也只能在這時候大放厥詞了吧？,[]
ココポって、ホロロン鳥よね…？ どうしてあんなに凶暴なのかな？,1,70,1,normal,49715,49807,"ココポって、ホロロン鳥よね…？
どうしてあんなに凶暴なのかな？","ココポって、ホロロン鳥よね…？
どうしてあんなに凶暴なのかな？",[]
可可啵是赫蘿蘿恩鳥對吧……？ 為什麼會如此凶暴呢？,1,35,1,kanji_sentence,49807,49881,"可可啵是赫蘿蘿恩鳥對吧……？
為什麼會如此凶暴呢？","可可啵是赫蘿蘿恩鳥對吧……？
為什麼會如此凶暴呢？",[]
いや、自分に聞かれても……,1,53,1,normal,49952,49992,いや、自分に聞かれても……,いや、自分に聞かれても……,[]
嗯，你問我我也……,1,34,1,kanji_term,49992,50020,嗯，你問我我也……,嗯，你問我我也……,[]
そろそろ年貢の納め時かな？,1,53,1,normal,50042,50082,そろそろ年貢の納め時かな？,そろそろ年貢の納め時かな？,[]
該是你付出代價的時候了？,1,22,1,kanji_sentence,50082,50119,該是你付出代價的時候了？,該是你付出代價的時候了？,[]
うるせぇ！ 返り討ちにしてやんよ！,1,57,1,normal,50157,50209,うるせぇ！　返り討ちにしてやんよ！,うるせぇ！　返り討ちにしてやんよ！,[]
少囉嗦！我可不會乖乖站著挨打！,1,25,1,kanji_sentence,50209,50255,少囉嗦！我可不會乖乖站著挨打！,少囉嗦！我可不會乖乖站著挨打！,[]
大丈夫か、ルルティエ？,1,51,1,normal,50300,50334,大丈夫か、ルルティエ？,大丈夫か、ルルティエ？,[]
露露緹耶，妳沒事吧？,1,35,1,kanji_term,50334,50365,露露緹耶，妳沒事吧？,露露緹耶，妳沒事吧？,[]
心配ありません、ハクさま。 私にはこの子がいます…！,1,66,1,normal,50385,50462,"心配ありません、ハクさま。
私にはこの子がいます…！","心配ありません、ハクさま。
私にはこの子がいます…！",[]
ホロッ！ ホロロッ！,1,50,1,normal,50571,50602,ホロッ！　ホロロッ！,ホロッ！　ホロロッ！,[]
咕嚕！咕嚕嚕！,1,32,1,kanji_term,50602,50624,咕嚕！咕嚕嚕！,咕嚕！咕嚕嚕！,[]
確かに、こりゃ心配の必要は無いな。,1,57,1,normal,50645,50697,確かに、こりゃ心配の必要は無いな。,確かに、こりゃ心配の必要は無いな。,[]
ハク殿！ 今日は、マロがハク殿を守ってみせるでおじゃ！,1,67,1,normal,50787,50867,"ハク殿！
今日は、マロがハク殿を守ってみせるでおじゃ！","ハク殿！
今日は、マロがハク殿を守ってみせるでおじゃ！",[]
哈克大人！ 麻呂會在今天好好保護哈克大人的！,1,32,1,kanji_sentence,50867,50932,"哈克大人！
麻呂會在今天好好保護哈克大人的！","哈克大人！
麻呂會在今天好好保護哈克大人的！",[]
気持ちだけで十分だから、あまり無理はするなよ？,1,63,1,normal,50988,51058,気持ちだけで十分だから、あまり無理はするなよ？,気持ちだけで十分だから、あまり無理はするなよ？,[]
やはりハク殿はマロの事を…！！,1,55,1,normal,51157,51203,やはりハク殿はマロの事を…！！,やはりハク殿はマロの事を…！！,[]
哈克大人果然很重視麻呂……！,1,39,1,kanji_term,51203,51246,哈克大人果然很重視麻呂……！,哈克大人果然很重視麻呂……！,[]
闇雲に突っ込まれたら面倒だと思っただけなんだが……,1,65,1,normal,51290,51366,闇雲に突っ込まれたら面倒だと思っただけなんだが……,闇雲に突っ込まれたら面倒だと思っただけなんだが……,[]
我只是想說你要是胡亂攻擊波及到我們就麻煩了……,1,33,1,kanji_sentence,51366,51436,我只是想說你要是胡亂攻擊波及到我們就麻煩了……,我只是想說你要是胡亂攻擊波及到我們就麻煩了……,[]
ノスリと比べりゃ貧相な胸だが…… 俺様がじっくり、揉んでやるじゃんよ～！ ひっひっひっ……！！,1,70,1,normal,51486,51624,"ノスリと比べりゃ貧相な胸だが……
俺様がじっくり、揉んでやるじゃんよ～！
ひっひっひっ……！！","ノスリと比べりゃ貧相な胸だが……
俺様がじっくり、揉んでやるじゃんよ～！
ひっひっひっ……！！",[]
一度、死んでみるかな……？,1,53,1,normal,51834,51874,一度、死んでみるかな……？,一度、死んでみるかな……？,[]
你想要死一次試試嗎……？,1,37,1,kanji_term,51874,51911,你想要死一次試試嗎……？,你想要死一次試試嗎……？,[]
山賊とばったり出くわすとか…… まったく……どうしてこうなった？,1,70,1,normal,51953,52048,"山賊とばったり出くわすとか……
まったく……どうしてこうなった？","山賊とばったり出くわすとか……
まったく……どうしてこうなった？",[]
沒想到竟然會遭遇山賊…… 真是的……為什麼會變成這樣啊？,1,38,1,kanji_sentence,52048,52131,"沒想到竟然會遭遇山賊……
真是的……為什麼會變成這樣啊？","沒想到竟然會遭遇山賊……
真是的……為什麼會變成這樣啊？",[]
なに俺様を見てやがる！！ ……まさかテメェ、俺様に気が……！？,1,70,1,normal,52180,52272,"なに俺様を見てやがる！！
……まさかテメェ、俺様に気が……！？","なに俺様を見てやがる！！
……まさかテメェ、俺様に気が……！？",[]
你幹嘛盯著大爺我看！！ ……難不成你對我……！？,1,34,1,kanji_sentence,52272,52343,"你幹嘛盯著大爺我看！！
……難不成你對我……！？","你幹嘛盯著大爺我看！！
……難不成你對我……！？",[]
ブチ殺す！！,1,46,1,normal,52431,52450,ブチ殺す！！,ブチ殺す！！,[]
我殺了你！！,1,16,1,kanji_sentence,52450,52469,我殺了你！！,我殺了你！！,[]
ルルティエ！ 危なくなったら下がってくれ！,1,61,1,normal,52499,52561,"ルルティエ！
危なくなったら下がってくれ！","ルルティエ！
危なくなったら下がってくれ！",[]
露露緹耶！ 要是情況不妙就退下吧！,1,27,1,kanji_sentence,52561,52611,"露露緹耶！
要是情況不妙就退下吧！","露露緹耶！
要是情況不妙就退下吧！",[]
分かりました、ハクさま……,1,53,1,normal,52663,52703,分かりました、ハクさま……,分かりました、ハクさま……,[]
しかし、ルルティエがあんなに大きな声を出すなんて…… 珍しいな……,1,70,1,normal,52752,52850,"しかし、ルルティエがあんなに大きな声を出すなんて……
珍しいな……","しかし、ルルティエがあんなに大きな声を出すなんて……
珍しいな……",[]
ま、待って下さい…… このコ、本当にいい子なんです……！,1,68,1,normal,53018,53101,"ま、待って下さい……
このコ、本当にいい子なんです……！","ま、待って下さい……
このコ、本当にいい子なんです……！",[]
ヒィィ～～！！ く、来るなァァァァァァァァァァ！！,1,65,1,normal,53335,53409,"ヒィィ～～！！
く、来るなァァァァァァァァァァ！！","ヒィィ～～！！
く、来るなァァァァァァァァァァ！！",[]
ホロロロロロロロッ！,1,50,1,normal,53514,53545,ホロロロロロロロッ！,ホロロロロロロロッ！,[]
咕嚕嚕嚕嚕嚕嚕嚕！,1,34,1,kanji_term,53545,53573,咕嚕嚕嚕嚕嚕嚕嚕！,咕嚕嚕嚕嚕嚕嚕嚕！,[]
ひぃぃぃっ！！ 禍日神ィッ！！,1,55,1,normal,53618,53662,"ひぃぃぃっ！！
禍日神ィッ！！","ひぃぃぃっ！！
禍日神ィッ！！",[]
嗚噫噫噫！！ 是禍日神！！,1,38,1,kanji_term,53662,53700,"嗚噫噫噫！！
是禍日神！！","嗚噫噫噫！！
是禍日神！！",[]
で、ですから……！ ちが……！,1,55,1,normal,53734,53778,"で、ですから……！
ちが……！","で、ですから……！
ちが……！",[]
どうか逃げないでください… この子の事をじっくり教えて差し上げたいのです。,1,70,1,normal,53855,53965,"どうか逃げないでください…
この子の事をじっくり教えて差し上げたいのです。","どうか逃げないでください…
この子の事をじっくり教えて差し上げたいのです。",[]
初仕事の相手がコイツらとは…… 幸先が良いのか悪いのか……,1,69,1,normal,54092,54178,"初仕事の相手がコイツらとは……
幸先が良いのか悪いのか……","初仕事の相手がコイツらとは……
幸先が良いのか悪いのか……",[]
沒想到初次工作的對手竟然是這些傢伙們…… 也不知道運氣是好還是壞……,1,40,1,kanji_sentence,54178,54279,"沒想到初次工作的對手竟然是這些傢伙們……
也不知道運氣是好還是壞……","沒想到初次工作的對手竟然是這些傢伙們……
也不知道運氣是好還是壞……",[]
結局、俺らで捕まえることになるのか……,1,59,1,normal,54368,54426,結局、俺らで捕まえることになるのか……,結局、俺らで捕まえることになるのか……,[]
到頭來變成我們去抓嗎……,1,22,1,kanji_sentence,54426,54463,到頭來變成我們去抓嗎……,到頭來變成我們去抓嗎……,[]
そうなるですね。,1,48,1,normal,54507,54532,そうなるですね。,そうなるですね。,[]
似乎是這樣呢。,1,32,1,kanji_term,54532,54554,似乎是這樣呢。,似乎是這樣呢。,[]
まったく、面倒なことだ……,1,53,1,normal,54573,54613,まったく、面倒なことだ……,まったく、面倒なことだ……,[]
真是的，真麻煩……,1,34,1,kanji_term,54613,54641,真是的，真麻煩……,真是的，真麻煩……,[]
シャバでバカ騒ぎしたかったのによ！ ぶっとばしてやるじゃん！,1,70,1,normal,54683,54772,"シャバでバカ騒ぎしたかったのによ！
ぶっとばしてやるじゃん！","シャバでバカ騒ぎしたかったのによ！
ぶっとばしてやるじゃん！",[]
我還想出了監獄就大鬧一場呢！ 把你們全部揍飛！,1,33,1,kanji_sentence,54772,54840,"我還想出了監獄就大鬧一場呢！
把你們全部揍飛！","我還想出了監獄就大鬧一場呢！
把你們全部揍飛！",[]
バカだけど力だけはあるから、注意して！,1,59,1,normal,54902,54960,バカだけど力だけはあるから、注意して！,バカだけど力だけはあるから、注意して！,[]
これがホントの「バカヂカラ」ってやつか。,1,60,1,normal,55068,55129,これがホントの「バカヂカラ」ってやつか。,これがホントの「バカヂカラ」ってやつか。,[]
バカバカ、うるせえじゃんヨ！！,1,55,1,normal,55215,55261,バカバカ、うるせえじゃんヨ！！,バカバカ、うるせえじゃんヨ！！,[]
私の弓は、遠く離れた敵に有効です。 ですので、前衛はお任せします！,1,70,1,normal,55338,55436,"私の弓は、遠く離れた敵に有効です。
ですので、前衛はお任せします！","私の弓は、遠く離れた敵に有効です。
ですので、前衛はお任せします！",[]
なっ、なに！？,1,47,1,normal,55584,55606,なっ、なに！？,なっ、なに！？,[]
什、什麼！？,1,31,1,kanji_term,55606,55625,什、什麼！？,什、什麼！？,[]
乙女の恋路の邪魔はさせない！ それがいい女というものだ！,1,68,1,normal,55635,55718,"乙女の恋路の邪魔はさせない！
それがいい女というものだ！","乙女の恋路の邪魔はさせない！
それがいい女というものだ！",[]
我不會讓你阻撓少女的戀愛之路！ 這就是所謂的好女人！,1,36,1,kanji_sentence,55718,55795,"我不會讓你阻撓少女的戀愛之路！
這就是所謂的好女人！","我不會讓你阻撓少女的戀愛之路！
這就是所謂的好女人！",[]
どうしてこうなった…… もう……やけくそだ！,1,62,1,normal,55887,55952,"どうしてこうなった……
もう……やけくそだ！","どうしてこうなった……
もう……やけくそだ！",[]
為什麼會變成這樣…… 真是……夠了！,1,28,1,kanji_sentence,55952,56005,"為什麼會變成這樣……
真是……夠了！","為什麼會變成這樣……
真是……夠了！",[]
そろそろ飽きてきたぇ… おにーさん達、すこし覚悟してやぁ？,1,69,1,normal,56077,56163,"そろそろ飽きてきたぇ…
おにーさん達、すこし覚悟してやぁ？","そろそろ飽きてきたぇ…
おにーさん達、すこし覚悟してやぁ？",[]
うぅ……お、お腹がぁ～…,1,52,1,normal,56304,56341,うぅ……お、お腹がぁ～…,うぅ……お、お腹がぁ～…,[]
キウル様…… 具合が悪そうですが……？,1,59,1,normal,56404,56460,"キウル様……
具合が悪そうですが……？","キウル様……
具合が悪そうですが……？",[]
奇羽琉大人的身體狀況…… 好像很不好……？,1,31,1,kanji_sentence,56460,56522,"奇羽琉大人的身體狀況……
好像很不好……？","奇羽琉大人的身體狀況……
好像很不好……？",[]
キウルなら大丈夫なのです。 いつものことなのです。,1,65,1,normal,56546,56620,"キウルなら大丈夫なのです。
いつものことなのです。","キウルなら大丈夫なのです。
いつものことなのです。",[]
相変わらず雑な扱いだな……,1,53,1,normal,56739,56779,相変わらず雑な扱いだな……,相変わらず雑な扱いだな……,[]
對待他的態度還是一樣隨便呢……,1,25,1,kanji_sentence,56779,56825,對待他的態度還是一樣隨便呢……,對待他的態度還是一樣隨便呢……,[]
いい女は戦もひと味違うものだ。 いくぞ！,1,60,1,normal,56865,56924,"いい女は戦もひと味違うものだ。
いくぞ！","いい女は戦もひと味違うものだ。
いくぞ！",[]
早く皇女さんを連れ戻さないと…… 大事になった場合を考えると、恐ろしすぎる！,1,70,1,normal,57041,57154,"早く皇女さんを連れ戻さないと……
大事になった場合を考えると、恐ろしすぎる！","早く皇女さんを連れ戻さないと……
大事になった場合を考えると、恐ろしすぎる！",[]
得快點帶回公主大人才行…… 萬一出了什麼大事就糟糕了！,1,37,1,kanji_sentence,57154,57234,"得快點帶回公主大人才行……
萬一出了什麼大事就糟糕了！","得快點帶回公主大人才行……
萬一出了什麼大事就糟糕了！",[]
兄さまに迷惑をかけるのは許さないのです！,1,60,1,normal,57311,57372,兄さまに迷惑をかけるのは許さないのです！,兄さまに迷惑をかけるのは許さないのです！,[]
我無法原諒任何給兄長大人添麻煩的人！,1,28,1,kanji_sentence,57372,57427,我無法原諒任何給兄長大人添麻煩的人！,我無法原諒任何給兄長大人添麻煩的人！,[]
ネコネさん、お怒りのようですな……,1,57,1,normal,57463,57515,ネコネさん、お怒りのようですな……,ネコネさん、お怒りのようですな……,[]
貓音小姐似乎很生氣呢……,1,37,1,kanji_term,57515,57552,貓音小姐似乎很生氣呢……,貓音小姐似乎很生氣呢……,[]
こんなことをして、 本当に大丈夫なのでしょうか？,1,64,1,normal,57600,57671,"こんなことをして、
本当に大丈夫なのでしょうか？","こんなことをして、
本当に大丈夫なのでしょうか？",[]
大丈夫も何も、 こうなったら最後までやるしかあるまい！,1,67,1,normal,57754,57834,"大丈夫も何も、
こうなったら最後までやるしかあるまい！","大丈夫も何も、
こうなったら最後までやるしかあるまい！",[]
ううっ……やっぱりお腹が痛い……,1,56,1,normal,57997,58046,ううっ……やっぱりお腹が痛い……,ううっ……やっぱりお腹が痛い……,[]
嗚嗚……肚子果然還是好痛……,1,24,1,kanji_sentence,58046,58089,嗚嗚……肚子果然還是好痛……,嗚嗚……肚子果然還是好痛……,[]
それにしても……オシュトル？ どこかで聞いたことがある名だな…？,1,70,1,normal,58121,58216,"それにしても……オシュトル？
どこかで聞いたことがある名だな…？","それにしても……オシュトル？
どこかで聞いたことがある名だな…？",[]
話說回來……奧修特爾？ 總覺得好像在哪裡聽過這個名字……？,1,39,1,kanji_sentence,58216,58302,"話說回來……奧修特爾？
總覺得好像在哪裡聽過這個名字……？","話說回來……奧修特爾？
總覺得好像在哪裡聽過這個名字……？",[]
オシュトル様に報告せず、よろしかったのでしょうか？,1,65,1,normal,58376,58452,オシュトル様に報告せず、よろしかったのでしょうか？,オシュトル様に報告せず、よろしかったのでしょうか？,[]
可以不向奧修特爾大人報告嗎？,1,24,1,kanji_sentence,58452,58495,可以不向奧修特爾大人報告嗎？,可以不向奧修特爾大人報告嗎？,[]
いいのです。 こんなのはタダのわがまま、 茶番なのです……！,1,70,1,normal,58546,58633,"いいのです。
こんなのはタダのわがまま、
茶番なのです……！","いいのです。
こんなのはタダのわがまま、
茶番なのです……！",[]
それは、そうですが……,1,51,1,normal,58777,58811,それは、そうですが……,それは、そうですが……,[]
話是這樣說沒錯啦……,1,20,1,kanji_sentence,58811,58842,話是這樣說沒錯啦……,話是這樣說沒錯啦……,[]
ネコネのやつ、結構怒ってるな……,1,56,1,normal,58862,58911,ネコネのやつ、結構怒ってるな……,ネコネのやつ、結構怒ってるな……,[]
モズヌ……！ 観念してお縄につけ！ 降参しろ！,1,63,1,normal,58991,59059,"モズヌ……！
観念してお縄につけ！　降参しろ！","モズヌ……！
観念してお縄につけ！　降参しろ！",[]
伯勞……！ 死了這條心！束手就擒吧！,1,28,1,kanji_sentence,59059,59112,"伯勞……！
死了這條心！束手就擒吧！","伯勞……！
死了這條心！束手就擒吧！",[]
降参なんてするわけねぇじゃん？,1,55,1,normal,59149,59195,降参なんてするわけねぇじゃん？,降参なんてするわけねぇじゃん？,[]
我怎麼可能投降呢？,1,34,1,kanji_term,59195,59223,我怎麼可能投降呢？,我怎麼可能投降呢？,[]
返り討ちにしてやんよ！！,1,52,1,normal,59240,59277,返り討ちにしてやんよ！！,返り討ちにしてやんよ！！,[]
我會反過來把你打敗的……！,1,23,1,kanji_sentence,59277,59317,我會反過來把你打敗的……！,我會反過來把你打敗的……！,[]
（そして、中の財宝で 薔薇色の人生が俺を……グフフ……）,1,68,1,normal,59346,59432,"（そして、中の財宝で
　薔薇色の人生が俺を……グフフ……）","（そして、中の財宝で
　薔薇色の人生が俺を……グフフ……）",[]
ハク…？ よだれが垂れてるかな……,1,57,1,normal,59566,59616,"ハク…？
よだれが垂れてるかな……","ハク…？
よだれが垂れてるかな……",[]
哈克……？ 你口水流下來了……,1,25,1,kanji_sentence,59616,59660,"哈克……？
你口水流下來了……","哈克……？
你口水流下來了……",[]
フッ……どうだ、今の技は？ なかなかいい女っぷりだったろ？,1,69,1,normal,59685,59771,"フッ……どうだ、今の技は？
なかなかいい女っぷりだったろ？","フッ……どうだ、今の技は？
なかなかいい女っぷりだったろ？",[]
呼……剛剛那招如何？ 非常有好女人的風範吧？,1,32,1,kanji_sentence,59771,59836,"呼……剛剛那招如何？
非常有好女人的風範吧？","呼……剛剛那招如何？
非常有好女人的風範吧？",[]
ええ、さすがは姉上。 力任せの魅力に思わず見とれてしまいました。,1,70,1,normal,59906,60001,"ええ、さすがは姉上。
力任せの魅力に思わず見とれてしまいました。","ええ、さすがは姉上。
力任せの魅力に思わず見とれてしまいました。",[]
さすがだな、オウギ。 今のは良い男に一歩近付いたぞ。,1,66,1,normal,60172,60249,"さすがだな、オウギ。
今のは良い男に一歩近付いたぞ。","さすがだな、オウギ。
今のは良い男に一歩近付いたぞ。",[]
有難うございます、姉上。 ですが姉上の魅力には、まだまだ遠く及びません。,1,70,1,normal,60369,60476,"有難うございます、姉上。
ですが姉上の魅力には、まだまだ遠く及びません。","有難うございます、姉上。
ですが姉上の魅力には、まだまだ遠く及びません。",[]
ふふ、それもそうだな！,1,51,1,normal,60622,60656,ふふ、それもそうだな！,ふふ、それもそうだな！,[]
呵呵，這倒是！,1,32,1,kanji_term,60656,60678,呵呵，這倒是！,呵呵，這倒是！,[]
何を言っているんだ…… この姉弟は……,1,59,1,normal,60706,60762,"何を言っているんだ……
この姉弟は……","何を言っているんだ……
この姉弟は……",[]
這對姐弟……到底在說些什麼啊……,1,26,1,kanji_sentence,60762,60811,這對姐弟……到底在說些什麼啊……,這對姐弟……到底在說些什麼啊……,[]
モズヌ、お前は良い男にはなれない。 やはり駄目駄目だな。,1,68,1,normal,60847,60930,"モズヌ、お前は良い男にはなれない。
やはり駄目駄目だな。","モズヌ、お前は良い男にはなれない。
やはり駄目駄目だな。",[]
……う、うるせェ！ 散々騙しやがって！ このデカチチ女！！,1,69,1,normal,61071,61157,"……う、うるせェ！
散々騙しやがって！　このデカチチ女！！","……う、うるせェ！
散々騙しやがって！　このデカチチ女！！",[]
お前らとの腐れ縁も長かったな。,1,55,1,normal,61296,61342,お前らとの腐れ縁も長かったな。,お前らとの腐れ縁も長かったな。,[]
へヘッ、それも今日で終わりじゃんよ！,1,58,1,normal,61426,61481,へヘッ、それも今日で終わりじゃんよ！,へヘッ、それも今日で終わりじゃんよ！,[]
あぁ。 今日こそ引導を渡してやる……！,1,59,1,normal,61553,61611,あぁ。　今日こそ引導を渡してやる……！,あぁ。　今日こそ引導を渡してやる……！,[]
モズヌ！ よくも私の名を騙ってくれたな！？,1,61,1,normal,61702,61766,モズヌ！　よくも私の名を騙ってくれたな！？,モズヌ！　よくも私の名を騙ってくれたな！？,[]
伯勞！你竟敢冒用我的名字！？,1,24,1,kanji_sentence,61766,61809,伯勞！你竟敢冒用我的名字！？,伯勞！你竟敢冒用我的名字！？,[]
だから、なんの話じゃんよ！？,1,54,1,normal,61845,61888,だから、なんの話じゃんよ！？,だから、なんの話じゃんよ！？,[]
所以妳到底是在說什麼啊！？,1,23,1,kanji_sentence,61888,61928,所以妳到底是在說什麼啊！？,所以妳到底是在說什麼啊！？,[]
ノスリ旅団を名乗った罪、償ってもらうぞ！,1,60,1,normal,61969,62030,ノスリ旅団を名乗った罪、償ってもらうぞ！,ノスリ旅団を名乗った罪、償ってもらうぞ！,[]
だから知らねえって言ってんだろうが！！,1,59,1,normal,62137,62195,だから知らねえって言ってんだろうが！！,だから知らねえって言ってんだろうが！！,[]
我就說了我不知道啊！！,1,21,1,kanji_sentence,62195,62229,我就說了我不知道啊！！,我就說了我不知道啊！！,[]
ナニモ、キコエナイ……,1,51,1,normal,62278,62312,ナニモ、キコエナイ……,ナニモ、キコエナイ……,[]
我可不知情……,1,17,1,kanji_sentence,62312,62334,我可不知情……,我可不知情……,[]
彼らを捕らえた後…… ハクさんは、もう一仕事ありますね。,1,68,1,normal,62375,62458,"彼らを捕らえた後……
ハクさんは、もう一仕事ありますね。","彼らを捕らえた後……
ハクさんは、もう一仕事ありますね。",[]
そうだな……って、何の事かな……？,1,57,1,normal,62575,62627,そうだな……って、何の事かな……？,そうだな……って、何の事かな……？,[]
（……コイツはどこまで知ってるんだ？）,1,59,1,normal,62717,62775,（……コイツはどこまで知ってるんだ？）,（……コイツはどこまで知ってるんだ？）,[]
もうちょっとで、仲間と一緒に織物屋がぁ……！ こんな所で、夢を諦める訳にはいかねぇ！！,1,70,1,normal,62851,62979,"もうちょっとで、仲間と一緒に織物屋がぁ……！
こんな所で、夢を諦める訳にはいかねぇ！！","もうちょっとで、仲間と一緒に織物屋がぁ……！
こんな所で、夢を諦める訳にはいかねぇ！！",[]
很快就能和夥伴們一起經營布行了……！ 怎能在這裡就放棄夢想！！,1,40,1,kanji_sentence,62979,63071,"很快就能和夥伴們一起經營布行了……！
怎能在這裡就放棄夢想！！","很快就能和夥伴們一起經營布行了……！
怎能在這裡就放棄夢想！！",[]
えーと…… 本当にこのまま続けていいんですか？,1,63,1,normal,63175,63243,"えーと……
本当にこのまま続けていいんですか？","えーと……
本当にこのまま続けていいんですか？",[]
那個…… 真的可以繼續下去嗎？,1,25,1,kanji_sentence,63243,63287,"那個……
真的可以繼續下去嗎？","那個……
真的可以繼續下去嗎？",[]
構わん、続けろ……,1,49,1,normal,63320,63348,構わん、続けろ……,構わん、続けろ……,[]
無所謂，繼續吧……,1,34,1,kanji_term,63348,63376,無所謂，繼續吧……,無所謂，繼續吧……,[]
（仕方ない…… こうなれば行くとこまで行ってしまおう……！）,1,70,1,normal,63412,63504,"（仕方ない……
　こうなれば行くとこまで行ってしまおう……！）","（仕方ない……
　こうなれば行くとこまで行ってしまおう……！）",[]
おみゃあら！ さっさとその像を返すにゃも！,1,61,1,normal,63626,63690,おみゃあら！　さっさとその像を返すにゃも！,おみゃあら！　さっさとその像を返すにゃも！,[]
我說你們！快把那尊像還來喵呣！,1,25,1,kanji_sentence,63690,63736,我說你們！快把那尊像還來喵呣！,我說你們！快把那尊像還來喵呣！,[]
ぞ、像？ さて、何のことやら……,1,56,1,normal,63777,63824,"ぞ、像？
さて、何のことやら……","ぞ、像？
さて、何のことやら……",[]
什麼像？ 你在說什麼呢……,1,23,1,kanji_sentence,63824,63862,"什麼像？
你在說什麼呢……","什麼像？
你在說什麼呢……",[]
絶対に怪しいにゃも！ 目が泳いでるにゃも！,1,61,1,normal,63918,63980,"絶対に怪しいにゃも！
目が泳いでるにゃも！","絶対に怪しいにゃも！
目が泳いでるにゃも！",[]
實在太可疑了喵呣！ 你的眼神游移了喵呣！,1,30,1,kanji_sentence,63980,64039,"實在太可疑了喵呣！
你的眼神游移了喵呣！","實在太可疑了喵呣！
你的眼神游移了喵呣！",[]
デコポンポ様！ 早く逃げなければ、 蟲たちに気付かれてしまいますぞ！？,1,70,1,normal,64092,64194,"デコポンポ様！
早く逃げなければ、
蟲たちに気付かれてしまいますぞ！？","デコポンポ様！
早く逃げなければ、
蟲たちに気付かれてしまいますぞ！？",[]
えぇい！ うるさいにゃも！！ そんなのわかってるにゃも！！,1,69,1,normal,64337,64423,"えぇい！　うるさいにゃも！！
そんなのわかってるにゃも！！","えぇい！　うるさいにゃも！！
そんなのわかってるにゃも！！",[]
哼！吵死了喵呣！！ 這種事我也知道喵呣！！,1,31,1,kanji_sentence,64423,64485,"哼！吵死了喵呣！！
這種事我也知道喵呣！！","哼！吵死了喵呣！！
這種事我也知道喵呣！！",[]
無駄口叩いてる暇があったら、 早くあの像を取り返すにゃも！！,1,70,1,normal,64544,64633,"無駄口叩いてる暇があったら、
早くあの像を取り返すにゃも！！","無駄口叩いてる暇があったら、
早くあの像を取り返すにゃも！！",[]
し、失礼しましたであります！！,1,55,1,normal,64774,64820,し、失礼しましたであります！！,し、失礼しましたであります！！,[]
失、失禮了！！,1,32,1,kanji_term,64820,64842,失、失禮了！！,失、失禮了！！,[]
おいおいウコン…… こりゃ早く逃げないとマズイぞ？,1,65,1,normal,64853,64927,"おいおいウコン……
こりゃ早く逃げないとマズイぞ？","おいおいウコン……
こりゃ早く逃げないとマズイぞ？",[]
我說右近…… 這下不快點逃就糟了吧？,1,28,1,kanji_sentence,64927,64980,"我說右近……
這下不快點逃就糟了吧？","我說右近……
這下不快點逃就糟了吧？",[]
そうだな。 こんなところ、長居は無用だ。 さっさと決めるぜ！ あんちゃん！,1,70,1,normal,65049,65159,"そうだな。　こんなところ、長居は無用だ。
さっさと決めるぜ！　あんちゃん！","そうだな。　こんなところ、長居は無用だ。
さっさと決めるぜ！　あんちゃん！",[]
はぁ……どうしてこうなった……,1,55,1,normal,65299,65345,はぁ……どうしてこうなった……,はぁ……どうしてこうなった……,[]
唉……為什麼會變成這樣……,1,23,1,kanji_sentence,65345,65385,唉……為什麼會變成這樣……,唉……為什麼會變成這樣……,[]
にゃぷぅ～～ッ！？ い、痛いにゃもぉぉ～～！！,1,63,1,normal,65426,65494,"にゃぷぅ～～ッ！？
い、痛いにゃもぉぉ～～！！","にゃぷぅ～～ッ！？
い、痛いにゃもぉぉ～～！！",[]
で、デコポンポ様ッ！！ 大丈夫でありますか！？,1,63,1,normal,65571,65639,"で、デコポンポ様ッ！！
大丈夫でありますか！？","で、デコポンポ様ッ！！
大丈夫でありますか！？",[]
どー見ても大丈夫じゃないにゃもッ！！ ボコイナンテ！ おみゃあがしっかり儂を守らないからにゃもよ！！,1,70,1,normal,65722,65869,"どー見ても大丈夫じゃないにゃもッ！！
ボコイナンテ！
おみゃあがしっかり儂を守らないからにゃもよ！！","どー見ても大丈夫じゃないにゃもッ！！
ボコイナンテ！
おみゃあがしっかり儂を守らないからにゃもよ！！",[]
怎麼看都不像沒事吧喵呣！！ 波科伊南特！都怪你沒有好好保護老夫喵姆！！,1,40,1,kanji_sentence,65869,65973,"怎麼看都不像沒事吧喵呣！！
波科伊南特！都怪你沒有好好保護老夫喵姆！！","怎麼看都不像沒事吧喵呣！！
波科伊南特！都怪你沒有好好保護老夫喵姆！！",[]
も、申し訳ございませぬ……！！,1,55,1,normal,66049,66095,も、申し訳ございませぬ……！！,も、申し訳ございませぬ……！！,[]
很、很抱歉……！！,1,34,1,kanji_term,66095,66123,很、很抱歉……！！,很、很抱歉……！！,[]
しかしあの顔……どこかで見たような……？,1,60,1,normal,66137,66198,しかしあの顔……どこかで見たような……？,しかしあの顔……どこかで見たような……？,[]
不過那張臉……好像在哪裡看過……？,1,27,1,kanji_sentence,66198,66250,不過那張臉……好像在哪裡看過……？,不過那張臉……好像在哪裡看過……？,[]
いっ！？ しまった……！ 正体がバレたか……！？,1,64,1,normal,66307,66378,"いっ！？　しまった……！
正体がバレたか……！？","いっ！？　しまった……！
正体がバレたか……！？",[]
唔！？糟了……！ 真面目被發現了嗎……！？,1,31,1,kanji_sentence,66378,66440,"唔！？糟了……！
真面目被發現了嗎……！？","唔！？糟了……！
真面目被發現了嗎……！？",[]
ボコイナンテッ！ 何ぼさっとしてるにゃもかッ！？ さっさとあいつらを、片づけるにゃも～～～ッ！！,1,70,1,normal,66504,66647,"ボコイナンテッ！　何ぼさっとしてるにゃもかッ！？
さっさとあいつらを、片づけるにゃも～～～ッ！！","ボコイナンテッ！　何ぼさっとしてるにゃもかッ！？
さっさとあいつらを、片づけるにゃも～～～ッ！！",[]
は、ははーッ！ 承知でござる！！,1,56,1,normal,66818,66867,は、ははーッ！　承知でござる！！,は、ははーッ！　承知でござる！！,[]
是、是——！遵命！！,1,35,1,kanji_term,66867,66898,是、是——！遵命！！,是、是——！遵命！！,[]
……？ 頭に血が上りすぎてて、 バレてないようだな……,1,67,1,normal,66910,66990,"……？　頭に血が上りすぎてて、
バレてないようだな……","……？　頭に血が上りすぎてて、
バレてないようだな……",[]
しかし…… まさか帝都でこいつと闘うことになるとはな……,1,68,1,normal,67108,67191,"しかし……
まさか帝都でこいつと闘うことになるとはな……","しかし……
まさか帝都でこいつと闘うことになるとはな……",[]
不過…… 沒想到在帝都會和這傢伙戰鬥啊……,1,31,1,kanji_sentence,67191,67253,"不過……
沒想到在帝都會和這傢伙戰鬥啊……","不過……
沒想到在帝都會和這傢伙戰鬥啊……",[]
アンちゃんも、あんときよりは力がついてるはずだ！ いけるぞ！,1,70,1,normal,67332,67421,"アンちゃんも、あんときよりは力がついてるはずだ！
いけるぞ！","アンちゃんも、あんときよりは力がついてるはずだ！
いけるぞ！",[]
小哥也比當時更強了才對！ 能行的！,1,27,1,kanji_sentence,67421,67471,"小哥也比當時更強了才對！
能行的！","小哥也比當時更強了才對！
能行的！",[]
ま、今回はマロロじゃなくてウコンがついてくれてるし、 なんとかなるだろ！,1,70,1,normal,67537,67644,"ま、今回はマロロじゃなくてウコンがついてくれてるし、
なんとかなるだろ！","ま、今回はマロロじゃなくてウコンがついてくれてるし、
なんとかなるだろ！",[]
うおっ！？ あぶねぇ！！,1,52,1,normal,67799,67834,"うおっ！？
あぶねぇ！！","うおっ！？
あぶねぇ！！",[]
嗚喔！？ 危險！！,1,34,1,kanji_term,67834,67860,"嗚喔！？
危險！！","嗚喔！？
危險！！",[]
ハッハッハッハッ！ その調子だアンちゃん！ いい線いってるぜ！,1,70,1,normal,67883,67973,"ハッハッハッハッ！
その調子だアンちゃん！
いい線いってるぜ！","ハッハッハッハッ！
その調子だアンちゃん！
いい線いってるぜ！",[]
頼むから、笑ってないで助けてくれよ！,1,58,1,normal,68097,68152,頼むから、笑ってないで助けてくれよ！,頼むから、笑ってないで助けてくれよ！,[]
うっしッ！ 今のは結構効いたんじゃねぇかぁ？,1,62,1,normal,68230,68295,"うっしッ！
今のは結構効いたんじゃねぇかぁ？","うっしッ！
今のは結構効いたんじゃねぇかぁ？",[]
好！ 剛剛那樣很有效吧？,1,37,1,kanji_term,68295,68330,"好！
剛剛那樣很有效吧？","好！
剛剛那樣很有效吧？",[]
よ～し、いいぞ～！ その調子だ！ もっとやれ～！！,1,65,1,normal,68361,68435,"よ～し、いいぞ～！　その調子だ！
もっとやれ～！！","よ～し、いいぞ～！　その調子だ！
もっとやれ～！！",[]
ほらぁ！ そっちに行ったぜ！,1,54,1,normal,68525,68566,"ほらぁ！
そっちに行ったぜ！","ほらぁ！
そっちに行ったぜ！",[]
喂！ 敵人過去你那裡了！,1,22,1,kanji_sentence,68566,68601,"喂！
敵人過去你那裡了！","喂！
敵人過去你那裡了！",[]
う、うわ！ 何故そうなる！？,1,54,1,normal,68629,68670,"う、うわ！
何故そうなる！？","う、うわ！
何故そうなる！？",[]
こいつを見ると、 アンちゃんと出会った頃のことを思い出すな！,1,70,1,normal,68755,68844,"こいつを見ると、
アンちゃんと出会った頃のことを思い出すな！","こいつを見ると、
アンちゃんと出会った頃のことを思い出すな！",[]
あぁ、全くだ！ こいつにはもう会いたくないと思っていたが、 こんなに早くお目にかかれるとはね！,1,70,1,normal,68966,69104,"あぁ、全くだ！
こいつにはもう会いたくないと思っていたが、
こんなに早くお目にかかれるとはね！","あぁ、全くだ！
こいつにはもう会いたくないと思っていたが、
こんなに早くお目にかかれるとはね！",[]
（自然と戦えている…。 これでも、だいぶ強くなったってことか？）,1,70,1,normal,69277,69375,"（自然と戦えている…。
　これでも、だいぶ強くなったってことか？）","（自然と戦えている…。
　これでも、だいぶ強くなったってことか？）",[]
やるじゃねぇか！ 次は、俺の番だなぁ！,1,59,1,normal,69533,69589,"やるじゃねぇか！
次は、俺の番だなぁ！","やるじゃねぇか！
次は、俺の番だなぁ！",[]
幹得好！ 接著輪到我了！,1,22,1,kanji_sentence,69589,69624,"幹得好！
接著輪到我了！","幹得好！
接著輪到我了！",[]
アンちゃん、怪我はねぇか？ 危なくなったら遠慮なく回復してくれ！,1,70,1,normal,69649,69744,"アンちゃん、怪我はねぇか？
危なくなったら遠慮なく回復してくれ！","アンちゃん、怪我はねぇか？
危なくなったら遠慮なく回復してくれ！",[]
わかった！ ウコンもヤバくなったら言え！ 回復するぞ！,1,67,1,normal,69881,69959,"わかった！
ウコンもヤバくなったら言え！
回復するぞ！","わかった！
ウコンもヤバくなったら言え！
回復するぞ！",[]
おうよ！ 頼りにしてるぜ！,1,53,1,normal,70104,70142,"おうよ！
頼りにしてるぜ！","おうよ！
頼りにしてるぜ！",[]
好！ 就拜託你了！,1,19,1,kanji_sentence,70142,70168,"好！
就拜託你了！","好！
就拜託你了！",[]
二人とも、大丈夫か？,1,50,1,normal,70199,70230,二人とも、大丈夫か？,二人とも、大丈夫か？,[]
妳們兩個沒事吧？,1,33,1,kanji_term,70230,70255,妳們兩個沒事吧？,妳們兩個沒事吧？,[]
死ぬのは本望。,1,47,1,normal,70269,70291,死ぬのは本望。,死ぬのは本望。,[]
死是我們的宿願。,1,33,1,kanji_term,70291,70316,死是我們的宿願。,死是我們的宿願。,[]
わたし達は主様の盾。 この命をかけてお守りします。,1,65,1,normal,70344,70418,"わたし達は主様の盾。
この命をかけてお守りします。","わたし達は主様の盾。
この命をかけてお守りします。",[]
気持ちは嬉しいが、あまり無理はするなよ？,1,60,1,normal,70530,70591,気持ちは嬉しいが、あまり無理はするなよ？,気持ちは嬉しいが、あまり無理はするなよ？,[]
恐悦至極。,1,40,2,kanji_term,70684,70700,恐悦至極。,恐悦至極。,[]
恐悦至極。,0,40,2,kanji_term,282026,282042,恐悦至極。,恐悦至極。,[]
不勝喜悅。,1,40,2,kanji_term,70700,70716,不勝喜悅。,不勝喜悅。,[]
不勝喜悅。,0,40,2,kanji_term,282042,282058,不勝喜悅。,不勝喜悅。,[]
ぐはっ！ つ、強い……！！,1,53,1,normal,70733,70771,"ぐはっ！
つ、強い……！！","ぐはっ！
つ、強い……！！",[]
うひひ♪ アハハハ♪ 楽しすぎるぇ～！,1,59,1,normal,70827,70881,"うひひ♪
アハハハ♪
楽しすぎるぇ～！","うひひ♪
アハハハ♪
楽しすぎるぇ～！",[]
ぐふっ！ 剣奴は戻らぬか……！？ 役立たずめ……！,1,65,1,normal,70982,71054,"ぐふっ！
剣奴は戻らぬか……！？
役立たずめ……！","ぐふっ！
剣奴は戻らぬか……！？
役立たずめ……！",[]
嗚！ 劍奴沒有回來嗎……！？ 真是沒用的東西……！,1,35,1,kanji_sentence,71054,71126,"嗚！
劍奴沒有回來嗎……！？
真是沒用的東西……！","嗚！
劍奴沒有回來嗎……！？
真是沒用的東西……！",[]
貴様ら！ ヤマトの者か！？,1,53,1,normal,71176,71214,"貴様ら！
ヤマトの者か！？","貴様ら！
ヤマトの者か！？",[]
你們！ 是大和的人嗎！？,1,22,1,kanji_sentence,71214,71249,"你們！
是大和的人嗎！？","你們！
是大和的人嗎！？",[]
さてな？ どう思おうと勝手だ。,1,55,1,normal,71281,71325,"さてな？
どう思おうと勝手だ。","さてな？
どう思おうと勝手だ。",[]
くっ、コイツらどこから……！ 剣奴は使えん、後続の兵を呼べぇ！,1,70,1,normal,71394,71486,"くっ、コイツらどこから……！
剣奴は使えん、後続の兵を呼べぇ！","くっ、コイツらどこから……！
剣奴は使えん、後続の兵を呼べぇ！",[]
だ、そうだ… 増援が来る前に叩くぞ！,1,58,1,normal,71621,71674,"だ、そうだ…
増援が来る前に叩くぞ！","だ、そうだ…
増援が来る前に叩くぞ！",[]
沒錯…… 得在援軍到來前趕緊解決！,1,27,1,kanji_sentence,71674,71724,"沒錯……
得在援軍到來前趕緊解決！","沒錯……
得在援軍到來前趕緊解決！",[]
もちろんかな！,1,47,1,normal,71777,71799,もちろんかな！,もちろんかな！,[]
這是當然！,1,15,1,kanji_sentence,71799,71815,這是當然！,這是當然！,[]
異国の敵…… 今までとは違う……,1,56,1,normal,71822,71869,"異国の敵……
今までとは違う……","異国の敵……
今までとは違う……",[]
異國的敵人…… 與先前遇到的完全不同……,1,30,1,kanji_sentence,71869,71928,"異國的敵人……
與先前遇到的完全不同……","異國的敵人……
與先前遇到的完全不同……",[]
ルルティエ、無理するな。 前に出すぎると危ない。,1,64,1,normal,71977,72048,"ルルティエ、無理するな。
前に出すぎると危ない。","ルルティエ、無理するな。
前に出すぎると危ない。",[]
ハクさま……大丈夫です,1,51,1,normal,72151,72185,ハクさま……大丈夫です,ハクさま……大丈夫です,[]
わたしには、ココポがついています。 それに……お役に立ちたいんです。,1,70,1,normal,72243,72344,"わたしには、ココポがついています。
それに……お役に立ちたいんです。","わたしには、ココポがついています。
それに……お役に立ちたいんです。",[]
危ないから、前に出過ぎるなよ！,1,55,1,normal,72465,72511,危ないから、前に出過ぎるなよ！,危ないから、前に出過ぎるなよ！,[]
言われなくても分かっているのです…,1,57,1,normal,72598,72650,言われなくても分かっているのです…,言われなくても分かっているのです…,[]
不用你說我也知道……,1,20,1,kanji_sentence,72650,72681,不用你說我也知道……,不用你說我也知道……,[]
ネコネ、そっちに敵が行ったわよ！,1,56,1,normal,72721,72770,ネコネ、そっちに敵が行ったわよ！,ネコネ、そっちに敵が行ったわよ！,[]
ありがとうございます！ 姉さま！,1,56,1,normal,72847,72894,"ありがとうございます！
姉さま！","ありがとうございます！
姉さま！",[]
謝謝您！ 姐姐大人！,1,35,1,kanji_term,72894,72923,"謝謝您！
姐姐大人！","謝謝您！
姐姐大人！",[]
反応、違いすぎねぇ……？,1,52,1,normal,72961,72998,反応、違いすぎねぇ……？,反応、違いすぎねぇ……？,[]
反應也差太多了吧……？,1,36,1,kanji_term,72998,73032,反應也差太多了吧……？,反應也差太多了吧……？,[]
嬢ちゃん、そこに居ると危ないぜ…… いいのかい？,1,64,1,normal,73077,73148,"嬢ちゃん、そこに居ると危ないぜ……
いいのかい？","嬢ちゃん、そこに居ると危ないぜ……
いいのかい？",[]
うひひ、優しいおにーさんやぇ。 でも、危ないのはおにーさんの方かもしれへんよ？,1,70,1,normal,73267,73383,"うひひ、優しいおにーさんやぇ。
でも、危ないのはおにーさんの方かもしれへんよ？","うひひ、優しいおにーさんやぇ。
でも、危ないのはおにーさんの方かもしれへんよ？",[]
言うじゃない……,1,48,1,normal,73558,73583,言うじゃない……,言うじゃない……,[]
妳還真敢說呢……,1,18,1,kanji_sentence,73583,73608,妳還真敢說呢……,妳還真敢說呢……,[]
その刀、納めてはもらうことはできないか？,1,60,1,normal,73630,73691,その刀、納めてはもらうことはできないか？,その刀、納めてはもらうことはできないか？,[]
可以請你將那把刀收起來嗎？,1,23,1,kanji_sentence,73691,73731,可以請你將那把刀收起來嗎？,可以請你將那把刀收起來嗎？,[]
すまねえが、 こっちにも事情ってやつがあってね……,1,65,1,normal,73771,73845,"すまねえが、
こっちにも事情ってやつがあってね……","すまねえが、
こっちにも事情ってやつがあってね……",[]
もう十分だろ…… これ以上の戦いは無意味だ。,1,62,1,normal,73922,73987,"もう十分だろ……
これ以上の戦いは無意味だ。","もう十分だろ……
これ以上の戦いは無意味だ。",[]
情けは無用だぜ。 とことんやり合おうじゃない……！,1,65,1,normal,74109,74183,"情けは無用だぜ。
とことんやり合おうじゃない……！","情けは無用だぜ。
とことんやり合おうじゃない……！",[]
不用手下留情 就徹底廝殺到最後吧……！,1,29,1,kanji_sentence,74183,74239,"不用手下留情
就徹底廝殺到最後吧……！","不用手下留情
就徹底廝殺到最後吧……！",[]
たぎってきたじゃない！ この一撃に全てを賭けるぜ！！,1,66,1,normal,74306,74383,"たぎってきたじゃない！
この一撃に全てを賭けるぜ！！","たぎってきたじゃない！
この一撃に全てを賭けるぜ！！",[]
愈來愈熱血沸騰了！ 將一切都賭在這一擊上！！,1,32,1,kanji_sentence,74383,74448,"愈來愈熱血沸騰了！
將一切都賭在這一擊上！！","愈來愈熱血沸騰了！
將一切都賭在這一擊上！！",[]
早くそいつらを殺せ！ でないとどうなるか、わかってるだろうな！！,1,70,1,normal,74514,74609,"早くそいつらを殺せ！
でないとどうなるか、わかってるだろうな！！","早くそいつらを殺せ！
でないとどうなるか、わかってるだろうな！！",[]
まぁ、そこで見てなって……,1,53,1,normal,74750,74790,まぁ、そこで見てなって……,まぁ、そこで見てなって……,[]
やるじゃない。,1,47,1,normal,74855,74877,やるじゃない。,やるじゃない。,[]
妳挺厲害的嘛。,1,32,1,kanji_term,74877,74899,妳挺厲害的嘛。,妳挺厲害的嘛。,[]
おにーさんも、なかなかやぇ！ うひひひひ♪,1,61,1,normal,74914,74976,"おにーさんも、なかなかやぇ！
うひひひひ♪","おにーさんも、なかなかやぇ！
うひひひひ♪",[]
小哥也是不簡單啊！ 嘻嘻嘻嘻嘻,1,25,1,kanji_sentence,74976,75026,"小哥也是不簡單啊！
嘻嘻嘻嘻嘻<onpu>","小哥也是不簡單啊！
嘻嘻嘻嘻嘻{{L000}}","[""<onpu>""]"
アトゥイのやつ、 完全に変なスイッチが入ったな……,1,65,1,normal,75072,75146,"アトゥイのやつ、
完全に変なスイッチが入ったな……","アトゥイのやつ、
完全に変なスイッチが入ったな……",[]
阿圖依那傢伙的 奇怪開關被完全打開了……,1,30,1,kanji_sentence,75146,75205,"阿圖依那傢伙的
奇怪開關被完全打開了……","阿圖依那傢伙的
奇怪開關被完全打開了……",[]
いつも前線に駆り出されてるだけあって手ごわいぞ！ ひとりで突っかかるとやられる！ 皆で攻撃するんだ！,1,70,1,normal,75249,75396,"いつも前線に駆り出されてるだけあって手ごわいぞ！
ひとりで突っかかるとやられる！
皆で攻撃するんだ！","いつも前線に駆り出されてるだけあって手ごわいぞ！
ひとりで突っかかるとやられる！
皆で攻撃するんだ！",[]
ハクもようやく一人前になってきたかな？,1,59,1,normal,75638,75696,ハクもようやく一人前になってきたかな？,ハクもようやく一人前になってきたかな？,[]
哈克也總算能獨當一面了呢？,1,23,1,kanji_sentence,75696,75736,哈克也總算能獨當一面了呢？,哈克也總算能獨當一面了呢？,[]
ぬがッ！？,1,45,1,normal,75776,75792,ぬがッ！？,ぬがッ！？,[]
嗚啊！？,1,29,1,kanji_term,75792,75805,嗚啊！？,嗚啊！？,[]
これより先、小生の領域である。 命惜しくば、引き返せ。,1,67,1,normal,75813,75893,"これより先、小生の領域である。
命惜しくば、引き返せ。","これより先、小生の領域である。
命惜しくば、引き返せ。",[]
ええい、たかが一人に何をしている！？ 突撃せよ、押しつぶせぃ！！,1,70,1,normal,76056,76151,"ええい、たかが一人に何をしている！？
突撃せよ、押しつぶせぃ！！","ええい、たかが一人に何をしている！？
突撃せよ、押しつぶせぃ！！",[]
是非もなし……,1,47,1,normal,76320,76342,是非もなし……,是非もなし……,[]
多說無用……,1,31,1,kanji_term,76342,76361,多說無用……,多說無用……,[]
全軍、一歩前進。,1,33,1,kanji_term,76388,76413,全軍、一歩前進。,全軍、一歩前進。,[]
全軍，前進一步。,1,33,1,kanji_term,76413,76438,全軍，前進一步。,全軍，前進一步。,[]
なんだ……これは……！？ こんな現実がありえるのか！？,1,67,1,normal,76466,76546,"なんだ……これは……！？
こんな現実がありえるのか！？","なんだ……これは……！？
こんな現実がありえるのか！？",[]
什麼……這……！？ 這有可能嗎！？,1,27,1,kanji_sentence,76546,76596,"什麼……這……！？
這有可能嗎！？","什麼……這……！？
這有可能嗎！？",[]
ありえん……！ とにかく体勢を建てなおさねば！！,1,64,1,normal,76646,76717,"ありえん……！
とにかく体勢を建てなおさねば！！","ありえん……！
とにかく体勢を建てなおさねば！！",[]
不可能……！ 必須重整態勢才行！！,1,42,1,kanji_term,76717,76767,"不可能……！
必須重整態勢才行！！","不可能……！
必須重整態勢才行！！",[]
全軍、二歩前進。,1,33,1,kanji_term,76806,76831,全軍、二歩前進。,全軍、二歩前進。,[]
全軍，前進二步。,1,33,1,kanji_term,76831,76856,全軍，前進二步。,全軍，前進二步。,[]
なん……だ……？ 何なのだ……これは……！？,1,62,1,normal,76885,76950,"なん……だ……？
何なのだ……これは……！？","なん……だ……？
何なのだ……これは……！？",[]
什……什麼……？ 為什麼……這到底……！？,1,31,1,kanji_sentence,76950,77012,"什……什麼……？
為什麼……這到底……！？","什……什麼……？
為什麼……這到底……！？",[]
馬鹿な…… ありえん……！！,1,54,1,normal,77043,77084,"馬鹿な……
ありえん……！！","馬鹿な……
ありえん……！！",[]
不可能…… 別開玩笑了……！！,1,25,1,kanji_sentence,77084,77128,"不可能……
別開玩笑了……！！","不可能……
別開玩笑了……！！",[]
民を護る為、小生、 悪鬼羅刹となりて、阻むものを蹴散らさん。,1,70,1,normal,77151,77240,"民を護る為、小生、
悪鬼羅刹となりて、阻むものを蹴散らさん。","民を護る為、小生、
悪鬼羅刹となりて、阻むものを蹴散らさん。",[]
全軍、前進。,1,31,1,kanji_term,77464,77483,全軍、前進。,全軍、前進。,[]
全軍，前進。,1,31,1,kanji_term,77483,77502,全軍，前進。,全軍，前進。,[]
こんな、無茶苦茶あるか！ 退け、退けーッ！！,1,62,1,normal,77523,77588,"こんな、無茶苦茶あるか！
退け、退けーッ！！","こんな、無茶苦茶あるか！
退け、退けーッ！！",[]
まて！ 後詰の重兵が邪魔で退けぬわ！,1,58,1,normal,77705,77758,"まて！
後詰の重兵が邪魔で退けぬわ！","まて！
後詰の重兵が邪魔で退けぬわ！",[]
不行！ 後援部隊把路擋死了！,1,24,1,kanji_sentence,77758,77799,"不行！
後援部隊把路擋死了！","不行！
後援部隊把路擋死了！",[]
くっ、なにをやっておるのだ！？ ええい、逃げ戻るものに命は不要！！ 重兵！ つき進め！！,1,70,1,normal,77879,78008,"くっ、なにをやっておるのだ！？
ええい、逃げ戻るものに命は不要！！
重兵！　つき進め！！","くっ、なにをやっておるのだ！？
ええい、逃げ戻るものに命は不要！！
重兵！　つき進め！！",[]
（この者の目…… 既に決死の覚悟の上、 この戦いに臨んでいる……）,1,70,1,normal,78220,78322,"（この者の目……
　既に決死の覚悟の上、
　この戦いに臨んでいる……）","（この者の目……
　既に決死の覚悟の上、
　この戦いに臨んでいる……）",[]
ならば応えねばなるまい…… 某の全身全霊をもって、お相手致す……！,1,70,1,normal,78494,78592,"ならば応えねばなるまい……
某の全身全霊をもって、お相手致す……！","ならば応えねばなるまい……
某の全身全霊をもって、お相手致す……！",[]
那鄙人必須得回應對方…… 使出鄙人的全力奉陪到底……！,1,37,1,kanji_sentence,78592,78672,"那鄙人必須得回應對方……
使出鄙人的全力奉陪到底……！","那鄙人必須得回應對方……
使出鄙人的全力奉陪到底……！",[]
数多くの同胞が散った…… されど、この信念は未だ揺るぐことはない。,1,70,1,normal,78744,78842,"数多くの同胞が散った……
されど、この信念は未だ揺るぐことはない。","数多くの同胞が散った……
されど、この信念は未だ揺るぐことはない。",[]
皇の元に再び集い、 ウズールッシャは必ずや復活する！ そして、この地を取り戻す！！,1,70,1,normal,78970,79090,"皇の元に再び集い、
ウズールッシャは必ずや復活する！
そして、この地を取り戻す！！","皇の元に再び集い、
ウズールッシャは必ずや復活する！
そして、この地を取り戻す！！",[]
グゥッ！？ ……ハァッ！！,1,53,1,normal,79305,79343,"グゥッ！？
……ハァッ！！","グゥッ！？
……ハァッ！！",[]
唔！？ ……喝！！,1,34,1,kanji_term,79343,79369,"唔！？
……喝！！","唔！？
……喝！！",[]
ムッ…！？ 耐えるか……！ 敵ながら凄まじい闘気…… しかし、譲るわけにはいかぬ！ 参られよ！！,1,70,1,normal,79383,79524,"ムッ…！？　耐えるか……！
敵ながら凄まじい闘気……
しかし、譲るわけにはいかぬ！　参られよ！！","ムッ…！？　耐えるか……！
敵ながら凄まじい闘気……
しかし、譲るわけにはいかぬ！　参られよ！！",[]
ここからだ……！ 我はウズールッシャの戦士ゼグニ！ 渾身の力をもって、貴様を討つ！！,1,70,1,normal,79755,79878,"ここからだ……！
我はウズールッシャの戦士ゼグニ！
渾身の力をもって、貴様を討つ！！","ここからだ……！
我はウズールッシャの戦士ゼグニ！
渾身の力をもって、貴様を討つ！！",[]
還沒完……！ 吾乃烏茲魯沙的戰士澤古尼！ 將盡全力討伐你！！,1,40,1,kanji_sentence,79878,79965,"還沒完……！
吾乃烏茲魯沙的戰士澤古尼！
將盡全力討伐你！！","還沒完……！
吾乃烏茲魯沙的戰士澤古尼！
將盡全力討伐你！！",[]
負けるわけにはいかぬ！ 右近衛大将オシュトル！ いざ参る！！,1,70,1,normal,80072,80161,"負けるわけにはいかぬ！
右近衛大将オシュトル！　いざ参る！！","負けるわけにはいかぬ！
右近衛大将オシュトル！　いざ参る！！",[]
鄙人絕不會於此敗退！ 右近衛大將奧修特爾！要上了！！,1,36,1,kanji_sentence,80161,80238,"鄙人絕不會於此敗退！
右近衛大將奧修特爾！要上了！！","鄙人絕不會於此敗退！
右近衛大將奧修特爾！要上了！！",[]
ハク、大丈夫なの？,1,49,1,normal,80308,80336,ハク、大丈夫なの？,ハク、大丈夫なの？,[]
哈克，你沒事吧？,1,33,1,kanji_term,80336,80361,哈克，你沒事吧？,哈克，你沒事吧？,[]
ハクさま、無理はなさらないで下さい……,1,59,1,normal,80389,80447,ハクさま、無理はなさらないで下さい……,ハクさま、無理はなさらないで下さい……,[]
ぐッ、く…… たぶん、大丈夫だ……,1,57,1,normal,80517,80567,"ぐッ、く……
たぶん、大丈夫だ……","ぐッ、く……
たぶん、大丈夫だ……",[]
旦那、顔色が悪いじゃない？,1,53,1,normal,80655,80695,旦那、顔色が悪いじゃない？,旦那、顔色が悪いじゃない？,[]
老爺，你臉色很糟喔？,1,35,1,kanji_term,80695,80726,老爺，你臉色很糟喔？,老爺，你臉色很糟喔？,[]
ううっ……お腹が……お腹が痛い……,1,57,1,normal,80763,80815,ううっ……お腹が……お腹が痛い……,ううっ……お腹が……お腹が痛い……,[]
嗚嗚……肚子……肚子好痛……,1,39,1,kanji_term,80815,80858,嗚嗚……肚子……肚子好痛……,嗚嗚……肚子……肚子好痛……,[]
キウル……！ しっかりするです！,1,56,1,normal,80890,80937,"キウル……！
しっかりするです！","キウル……！
しっかりするです！",[]
奇羽琉……！ 振作一點！,1,37,1,kanji_term,80937,80972,"奇羽琉……！
振作一點！","奇羽琉……！
振作一點！",[]
え？ は、はい……！,1,50,1,normal,81003,81032,"え？
は、はい……！","え？
は、はい……！",[]
是？ 是的……！,1,18,1,kanji_sentence,81032,81055,"是？
是的……！","是？
是的……！",[]
ハク……顔が真っ青だけど、大丈夫？,1,57,1,normal,81076,81128,ハク……顔が真っ青だけど、大丈夫？,ハク……顔が真っ青だけど、大丈夫？,[]
ちょっと、寝覚めがわるかっただけだ…… ま、なんとか戦えるだろ……,1,70,1,normal,81200,81298,"ちょっと、寝覚めがわるかっただけだ……
ま、なんとか戦えるだろ……","ちょっと、寝覚めがわるかっただけだ……
ま、なんとか戦えるだろ……",[]
はぁ……！ はぁ……！ くそ……なんだ、この頭痛は……！？,1,69,1,normal,81456,81542,"はぁ……！　はぁ……！
くそ……なんだ、この頭痛は……！？","はぁ……！　はぁ……！
くそ……なんだ、この頭痛は……！？",[]
哈啊……！哈啊……！ 可惡……這陣頭痛是怎麼回事……！？,1,38,1,kanji_sentence,81542,81625,"哈啊……！哈啊……！
可惡……這陣頭痛是怎麼回事……！？","哈啊……！哈啊……！
可惡……這陣頭痛是怎麼回事……！？",[]
さっきまでは、確かにヒトの姿をしていましたね……,1,64,1,normal,81679,81752,さっきまでは、確かにヒトの姿をしていましたね……,さっきまでは、確かにヒトの姿をしていましたね……,[]
剛才牠的確是人的樣子啊……,1,23,1,kanji_sentence,81752,81792,剛才牠的確是人的樣子啊……,剛才牠的確是人的樣子啊……,[]
詮索は後だ。 今はこのデカブツを倒すことに集中しないと……,1,69,1,normal,81835,81921,"詮索は後だ。
今はこのデカブツを倒すことに集中しないと……","詮索は後だ。
今はこのデカブツを倒すことに集中しないと……",[]
それが賢明ですね…… 了解しました。,1,58,1,normal,82047,82100,"それが賢明ですね……
了解しました。","それが賢明ですね……
了解しました。",[]
手ごたえがいまいち楽しくないぇ……,1,57,1,normal,82181,82233,手ごたえがいまいち楽しくないぇ……,手ごたえがいまいち楽しくないぇ……,[]
そんなこと言ってる状況か？,1,53,1,normal,82328,82368,そんなこと言ってる状況か？,そんなこと言ってる状況か？,[]
現在是說這種事情的時候嗎？,1,23,1,kanji_sentence,82368,82408,現在是說這種事情的時候嗎？,現在是說這種事情的時候嗎？,[]
ハク……大丈夫かな？,1,50,1,normal,82444,82475,ハク……大丈夫かな？,ハク……大丈夫かな？,[]
哈克……你沒事吧？,1,34,1,kanji_term,82475,82503,哈克……你沒事吧？,哈克……你沒事吧？,[]
それにしても、この場所は……,1,54,1,normal,82531,82574,それにしても、この場所は……,それにしても、この場所は……,[]
ハク、気をつけて！ 前！,1,52,1,normal,82645,82682,ハク、気をつけて！　前！,ハク、気をつけて！　前！,[]
哈克，小心！看前面！,1,35,1,kanji_term,82682,82713,哈克，小心！看前面！,哈克，小心！看前面！,[]
ぐっ……！,1,45,1,normal,82734,82750,ぐっ……！,ぐっ……！,[]
嗚……,1,28,1,kanji_term,82750,82760,嗚……,嗚……,[]
色々と悩む所もあるだろうけど…… 今は生き延びる事を優先してほしいかな。,1,70,1,normal,82767,82874,"色々と悩む所もあるだろうけど……
今は生き延びる事を優先してほしいかな。","色々と悩む所もあるだろうけど……
今は生き延びる事を優先してほしいかな。",[]
ああっ、分かっている……！,1,53,1,normal,83041,83081,ああっ、分かっている……！,ああっ、分かっている……！,[]
嗯，我知道……！,1,33,1,kanji_term,83081,83106,嗯，我知道……！,嗯，我知道……！,[]
クソ……！ ただでさえ厄介なのに…… こんな大きくなったら手がつけられないぞ！,1,70,1,normal,83120,83234,"クソ……！
ただでさえ厄介なのに……
こんな大きくなったら手がつけられないぞ！","クソ……！
ただでさえ厄介なのに……
こんな大きくなったら手がつけられないぞ！",[]
いくら何でも、大きすぎる……,1,54,1,normal,83413,83456,いくら何でも、大きすぎる……,いくら何でも、大きすぎる……,[]
あっという間に皆を丸のみしそうだな……,1,59,1,normal,83515,83573,あっという間に皆を丸のみしそうだな……,あっという間に皆を丸のみしそうだな……,[]
感覺一瞬間就可以把大家給吞進去……,1,27,1,kanji_sentence,83573,83625,感覺一瞬間就可以把大家給吞進去……,感覺一瞬間就可以把大家給吞進去……,[]
奴らを凍らせよう！,1,49,1,normal,83673,83701,奴らを凍らせよう！,奴らを凍らせよう！,[]
將牠們凍結吧！,1,32,1,kanji_term,83701,83723,將牠們凍結吧！,將牠們凍結吧！,[]
あの管を狙ってくれ！,1,50,1,normal,83752,83783,あの管を狙ってくれ！,あの管を狙ってくれ！,[]
瞄準那根管子！,1,32,1,kanji_term,83783,83805,瞄準那根管子！,瞄準那根管子！,[]
みんなでやれば、なんとかなるかな！,1,57,1,normal,83844,83896,みんなでやれば、なんとかなるかな！,みんなでやれば、なんとかなるかな！,[]
まさかコレを倒したら、 もっと分裂しないだろうな？,1,65,1,normal,83982,84056,"まさかコレを倒したら、
もっと分裂しないだろうな？","まさかコレを倒したら、
もっと分裂しないだろうな？",[]
変なことを言わないでほしいのです！,1,57,1,normal,84167,84219,変なことを言わないでほしいのです！,変なことを言わないでほしいのです！,[]
可以不要亂說話嗎！,1,19,1,kanji_sentence,84219,84247,可以不要亂說話嗎！,可以不要亂說話嗎！,[]
これはキリが有りませんね。,1,53,1,normal,84290,84330,これはキリが有りませんね。,これはキリが有りませんね。,[]
タタリを倒しきることは不可能かな。,1,57,1,normal,84402,84454,タタリを倒しきることは不可能かな。,タタリを倒しきることは不可能かな。,[]
さっさと逃げ道を作ってずらかるぞ！,1,57,1,normal,84537,84589,さっさと逃げ道を作ってずらかるぞ！,さっさと逃げ道を作ってずらかるぞ！,[]
趕快找個逃生時機開溜吧！,1,37,1,kanji_term,84589,84626,趕快找個逃生時機開溜吧！,趕快找個逃生時機開溜吧！,[]
了解しました。,1,47,1,normal,84668,84690,了解しました。,了解しました。,[]
瞭解了。,1,29,1,kanji_term,84690,84703,瞭解了。,瞭解了。,[]
これ、ぱっと見には飴細工っぽくないけ？,1,59,1,normal,84715,84773,これ、ぱっと見には飴細工っぽくないけ？,これ、ぱっと見には飴細工っぽくないけ？,[]
這個乍看之下不覺得很像糖人嗎？,1,25,1,kanji_sentence,84773,84819,這個乍看之下不覺得很像糖人嗎？,這個乍看之下不覺得很像糖人嗎？,[]
え……？ さすがに、それは……,1,55,1,normal,84859,84903,"え……？
さすがに、それは……","え……？
さすがに、それは……",[]
呃……？ 這似乎有點牽強……,1,39,1,kanji_term,84903,84944,"呃……？
這似乎有點牽強……","呃……？
這似乎有點牽強……",[]
ココポ～、試しにどうぇ？,1,52,1,normal,84973,85010,ココポ～、試しにどうぇ？,ココポ～、試しにどうぇ？,[]
フルフルフル……,1,48,1,normal,85091,85116,フルフルフル……,フルフルフル……,[]
搖頭搖頭搖頭……,1,33,1,kanji_term,85116,85141,搖頭搖頭搖頭……,搖頭搖頭搖頭……,[]
みんな大丈夫か？,1,48,1,normal,85152,85177,みんな大丈夫か？,みんな大丈夫か？,[]
大家都沒事吧？,1,32,1,kanji_term,85177,85199,大家都沒事吧？,大家都沒事吧？,[]
目的はあくまで管の破壊だ。 無理に戦って、身を危険に晒す必要はないぞ！,1,70,1,normal,85215,85319,"目的はあくまで管の破壊だ。
無理に戦って、身を危険に晒す必要はないぞ！","目的はあくまで管の破壊だ。
無理に戦って、身を危険に晒す必要はないぞ！",[]
それにしても、この場所はいったい…… 何の目的で……,1,66,1,normal,85488,85565,"それにしても、この場所はいったい……
何の目的で……","それにしても、この場所はいったい……
何の目的で……",[]
ま、今は逃げ出す事を考ようじゃない。,1,58,1,normal,85687,85742,ま、今は逃げ出す事を考ようじゃない。,ま、今は逃げ出す事を考ようじゃない。,[]
はぁ……はぁ…… 早くここから脱出しなくては……！,1,65,1,normal,85841,85915,"はぁ……はぁ……
早くここから脱出しなくては……！","はぁ……はぁ……
早くここから脱出しなくては……！",[]
哈啊……哈啊…… 得快點逃離這裡才行……！,1,31,1,kanji_sentence,85915,85977,"哈啊……哈啊……
得快點逃離這裡才行……！","哈啊……哈啊……
得快點逃離這裡才行……！",[]
みんな！ なるべく殺さずに無力化してくれ！,1,61,1,normal,86025,86087,"みんな！
なるべく殺さずに無力化してくれ！","みんな！
なるべく殺さずに無力化してくれ！",[]
いいぜ。 峰打ちといこうじゃない。,1,57,1,normal,86201,86251,"いいぜ。
峰打ちといこうじゃない。","いいぜ。
峰打ちといこうじゃない。",[]
了解した。 いい女には容易いことだ。,1,58,1,normal,86325,86378,"了解した。
いい女には容易いことだ。","了解した。
いい女には容易いことだ。",[]
姉上に従いましょう。,1,50,1,normal,86474,86505,姉上に従いましょう。,姉上に従いましょう。,[]
我會遵從大姊的。,1,33,1,kanji_term,86505,86530,我會遵從大姊的。,我會遵從大姊的。,[]
うぅ……お腹が……,1,49,1,normal,86572,86600,うぅ……お腹が……,うぅ……お腹が……,[]
嗚嗚……我的肚子……,1,20,1,kanji_sentence,86600,86631,嗚嗚……我的肚子……,嗚嗚……我的肚子……,[]
屋根は足場が悪いな……,1,51,1,normal,86654,86688,屋根は足場が悪いな……,屋根は足場が悪いな……,[]
屋頂好難站穩啊……,1,34,1,kanji_term,86688,86716,屋頂好難站穩啊……,屋頂好難站穩啊……,[]
ハクさま、大丈夫ですか？,1,52,1,normal,86759,86796,ハクさま、大丈夫ですか？,ハクさま、大丈夫ですか？,[]
哈克大人，您沒事吧？,1,35,1,kanji_term,86796,86827,哈克大人，您沒事吧？,哈克大人，您沒事吧？,[]
しゃんとするです。,1,49,1,normal,86860,86888,しゃんとするです。,しゃんとするです。,[]
請務必小心。,1,31,1,kanji_term,86888,86907,請務必小心。,請務必小心。,[]
クオン…… この戦い、続けられるか？,1,58,1,normal,86935,86988,"クオン……
この戦い、続けられるか？","クオン……
この戦い、続けられるか？",[]
久遠…… 妳還能繼續作戰嗎？,1,39,1,kanji_term,86988,87029,"久遠……
妳還能繼續作戰嗎？","久遠……
妳還能繼續作戰嗎？",[]
ありがとう、ハク…… 大丈夫、なんとか戦えるかな。,1,65,1,normal,87075,87149,"ありがとう、ハク……
大丈夫、なんとか戦えるかな。","ありがとう、ハク……
大丈夫、なんとか戦えるかな。",[]
姉さま！ あまり先に行くと危ないのです！,1,60,1,normal,87270,87329,"姉さま！
あまり先に行くと危ないのです！","姉さま！
あまり先に行くと危ないのです！",[]
姐姐大人！ 衝太前面是很危險的！,1,26,1,kanji_sentence,87329,87376,"姐姐大人！
衝太前面是很危險的！","姐姐大人！
衝太前面是很危險的！",[]
ゴメンね、ネコネ。 気をつけるかな。,1,58,1,normal,87411,87464,"ゴメンね、ネコネ。
気をつけるかな。","ゴメンね、ネコネ。
気をつけるかな。",[]
だけど……,1,45,1,normal,87552,87568,だけど……,だけど……,[]
可是……,1,29,1,kanji_term,87568,87581,可是……,可是……,[]
すごいなハク！ 空を飛んだのなんて初めてだ！,1,62,1,normal,87588,87653,"すごいなハク！
空を飛んだのなんて初めてだ！","すごいなハク！
空を飛んだのなんて初めてだ！",[]
哈克你好厲害喔！ 我還是第一次飛在空中呢！,1,31,1,kanji_sentence,87653,87715,"哈克你好厲害喔！
我還是第一次飛在空中呢！","哈克你好厲害喔！
我還是第一次飛在空中呢！",[]
急ごしらえにしてはうまくいった。 でも手間の割には、大人数を運べるわけでもない…… これっきりの手品だろうな……,1,70,1,normal,87770,87935,"急ごしらえにしてはうまくいった。
でも手間の割には、大人数を運べるわけでもない……
これっきりの手品だろうな……","急ごしらえにしてはうまくいった。
でも手間の割には、大人数を運べるわけでもない……
これっきりの手品だろうな……",[]
なんだかスースーする……,1,52,1,normal,88201,88238,なんだかスースーする……,なんだかスースーする……,[]
總覺得涼涼的……,1,33,1,kanji_term,88238,88263,總覺得涼涼的……,總覺得涼涼的……,[]
気球にフンドシを使ったせいか……？,1,57,1,normal,88310,88362,気球にフンドシを使ったせいか……？,気球にフンドシを使ったせいか……？,[]
是因為將兜襠布用在熱氣球上了吧……？,1,28,1,kanji_sentence,88362,88417,是因為將兜襠布用在熱氣球上了吧……？,是因為將兜襠布用在熱氣球上了吧……？,[]
あのヒトが来る前にけりをつけないと……,1,59,1,normal,88466,88524,あのヒトが来る前にけりをつけないと……,あのヒトが来る前にけりをつけないと……,[]
得在那個人來之前做個了斷才行……,1,26,1,kanji_sentence,88524,88573,得在那個人來之前做個了斷才行……,得在那個人來之前做個了斷才行……,[]
クオン！ 急ぎ過ぎだぞ！,1,52,1,normal,88615,88650,"クオン！
急ぎ過ぎだぞ！","クオン！
急ぎ過ぎだぞ！",[]
久遠！ 妳太著急了！,1,35,1,kanji_term,88650,88679,"久遠！
妳太著急了！","久遠！
妳太著急了！",[]
分かってる、分かってるんだけど……！,1,58,1,normal,88717,88772,分かってる、分かってるんだけど……！,分かってる、分かってるんだけど……！,[]
我知道，可是……！,1,34,1,kanji_term,88772,88800,我知道，可是……！,我知道，可是……！,[]
あのクオンが、こんなに焦っているとは…… 何かあるのか？,1,68,1,normal,88830,88913,"あのクオンが、こんなに焦っているとは……
何かあるのか？","あのクオンが、こんなに焦っているとは……
何かあるのか？",[]
沒想到久遠這麼冷靜的人也會如此焦躁…… 是發生什麼事了嗎？,1,39,1,kanji_sentence,88913,88999,"沒想到久遠這麼冷靜的人也會如此焦躁……
是發生什麼事了嗎？","沒想到久遠這麼冷靜的人也會如此焦躁……
是發生什麼事了嗎？",[]
かなりの手練れの様ですね。,1,53,1,normal,89070,89110,かなりの手練れの様ですね。,かなりの手練れの様ですね。,[]
ああ、増援なんて呼ばれたらたまったもんじゃない。,1,64,1,normal,89177,89250,ああ、増援なんて呼ばれたらたまったもんじゃない。,ああ、増援なんて呼ばれたらたまったもんじゃない。,[]
では、手早くかたづけるとしますか……,1,58,1,normal,89359,89414,では、手早くかたづけるとしますか……,では、手早くかたづけるとしますか……,[]
那就快點解決吧……,1,34,1,kanji_term,89414,89442,那就快點解決吧……,那就快點解決吧……,[]
まあ、それができればいいんだが……,1,57,1,normal,89481,89533,まあ、それができればいいんだが……,まあ、それができればいいんだが……,[]
ココポ、足場が悪いから注意してね。,1,57,1,normal,89605,89657,ココポ、足場が悪いから注意してね。,ココポ、足場が悪いから注意してね。,[]
コココー。,1,45,1,normal,89735,89751,コココー。,コココー。,[]
可可可,1,28,1,kanji_term,89751,89770,可可可#@－－#,可可可{{L000}},"[""#@－－#""]"
今回の目的は物資を奪うことだ。 早く目的を果たして、ずらかるぞ！,1,70,1,normal,89790,89885,"今回の目的は物資を奪うことだ。
早く目的を果たして、ずらかるぞ！","今回の目的は物資を奪うことだ。
早く目的を果たして、ずらかるぞ！",[]
姉さま、 何だかいつもと違うのです……,1,59,1,normal,90069,90125,"姉さま、
何だかいつもと違うのです……","姉さま、
何だかいつもと違うのです……",[]
總覺得姐姐大人 和平常不一樣……,1,26,1,kanji_sentence,90125,90172,"總覺得姐姐大人
和平常不一樣……","總覺得姐姐大人
和平常不一樣……",[]
ネコやん、どうかしたん？ 早よせんと、全部うちが貰うえ！,1,68,1,normal,90207,90290,"ネコやん、どうかしたん？
早よせんと、全部うちが貰うえ！","ネコやん、どうかしたん？
早よせんと、全部うちが貰うえ！",[]
このヒトは、まったく変わらないのです……,1,60,1,normal,90446,90507,このヒトは、まったく変わらないのです……,このヒトは、まったく変わらないのです……,[]
這個人倒是一點都沒變……,1,22,1,kanji_sentence,90507,90544,這個人倒是一點都沒變……,這個人倒是一點都沒變……,[]
ハハ、お嬢…… 遊びでやってるんですかい？,1,61,1,normal,90585,90647,"ハハ、お嬢……
遊びでやってるんですかい？","ハハ、お嬢……
遊びでやってるんですかい？",[]
子ども扱いは無用かな！,1,51,1,normal,90745,90779,子ども扱いは無用かな！,子ども扱いは無用かな！,[]
不要把我當小孩！,1,18,1,kanji_sentence,90779,90804,不要把我當小孩！,不要把我當小孩！,[]
ハハハ、そうムキになりなさんな。,1,56,1,normal,90845,90894,ハハハ、そうムキになりなさんな。,ハハハ、そうムキになりなさんな。,[]
くくっ、これがお嬢の覚悟って奴ですかい……？,1,62,1,normal,90963,91030,くくっ、これがお嬢の覚悟って奴ですかい……？,くくっ、これがお嬢の覚悟って奴ですかい……？,[]
こいつは効いた…… ちィっとばかしナメてやしたぜ。,1,65,1,normal,91130,91204,"こいつは効いた……
ちィっとばかしナメてやしたぜ。","こいつは効いた……
ちィっとばかしナメてやしたぜ。",[]
フフン♪ さっきまでの威勢は何処にいったのかな？,1,64,1,normal,91306,91377,"フフン♪
さっきまでの威勢は何処にいったのかな？","フフン♪
さっきまでの威勢は何処にいったのかな？",[]
哼哼 你的威勢跑哪去啦？,1,22,1,kanji_sentence,91377,91418,"哼哼<onpu>
你的威勢跑哪去啦？","哼哼{{L000}}
你的威勢跑哪去啦？","[""<onpu>""]"
アハハ♪ おにーさん、ウチと一緒に踊ろ？,1,60,1,normal,91462,91521,"アハハ♪
おにーさん、ウチと一緒に踊ろ？","アハハ♪
おにーさん、ウチと一緒に踊ろ？",[]
姉ちゃん、 いいねぇ、そう来なくちゃなぁ……！,1,63,1,normal,91606,91674,"姉ちゃん、
いいねぇ、そう来なくちゃなぁ……！","姉ちゃん、
いいねぇ、そう来なくちゃなぁ……！",[]
さぁ！ 腕に覚えのある方からおいでくだせぇ。,1,62,1,normal,91769,91834,"さぁ！
腕に覚えのある方からおいでくだせぇ。","さぁ！
腕に覚えのある方からおいでくだせぇ。",[]
このヒトには全力で行ってええの？,1,56,1,normal,91935,91984,このヒトには全力で行ってええの？,このヒトには全力で行ってええの？,[]
人家可以使出全力來對付這個人嗎？,1,26,1,kanji_sentence,91984,92033,人家可以使出全力來對付這個人嗎？,人家可以使出全力來對付這個人嗎？,[]
一瞬でも気を抜けば、命はないかな……！,1,59,1,normal,92070,92128,一瞬でも気を抜けば、命はないかな……！,一瞬でも気を抜けば、命はないかな……！,[]
それは楽しみやわぁ！,1,50,1,normal,92230,92261,それは楽しみやわぁ！,それは楽しみやわぁ！,[]
那可真是讓人期待呢！,1,20,1,kanji_sentence,92261,92292,那可真是讓人期待呢！,那可真是讓人期待呢！,[]
あのクロウとかいう男、ヤバすぎるな…… 防御に自信の無い奴は下がった方がいい！,1,70,1,normal,92325,92441,"あのクロウとかいう男、ヤバすぎるな……
防御に自信の無い奴は下がった方がいい！","あのクロウとかいう男、ヤバすぎるな……
防御に自信の無い奴は下がった方がいい！",[]
安心しろ！ 私が矢をたっぷり打ち込んでやる！,1,62,1,normal,92622,92687,"安心しろ！
私が矢をたっぷり打ち込んでやる！","安心しろ！
私が矢をたっぷり打ち込んでやる！",[]
安心吧！ 我會一箭接一箭射穿他的！,1,27,1,kanji_sentence,92687,92737,"安心吧！
我會一箭接一箭射穿他的！","安心吧！
我會一箭接一箭射穿他的！",[]
ほぅ…… 小ちゃい嬢ちゃんも中々やりやすね！,1,62,1,normal,92783,92848,"ほぅ……
小ちゃい嬢ちゃんも中々やりやすね！","ほぅ……
小ちゃい嬢ちゃんも中々やりやすね！",[]
喔…… 小小姐也挺厲害的嘛！,1,39,1,kanji_term,92848,92889,"喔……
小小姐也挺厲害的嘛！","喔……
小小姐也挺厲害的嘛！",[]
甘く見ないでほしいのです……！,1,55,1,normal,92927,92973,甘く見ないでほしいのです……！,甘く見ないでほしいのです……！,[]
我希望你不要小看我……！,1,22,1,kanji_sentence,92973,93010,我希望你不要小看我……！,我希望你不要小看我……！,[]
（そうか……クオン殿が言ったのはこういう……）,1,63,1,normal,93035,93105,（そうか……クオン殿が言ったのはこういう……）,（そうか……クオン殿が言ったのはこういう……）,[]
（祖國の心配では無く、小生の身を案じて……）,1,62,1,normal,93205,93272,（祖國の心配では無く、小生の身を案じて……）,（祖國の心配では無く、小生の身を案じて……）,[]
（何と迂闊な…… 小生は何時からこのような慢心をするようになった……）,1,70,1,normal,93401,93508,"（何と迂闊な……
　小生は何時からこのような慢心をするようになった……）","（何と迂闊な……
　小生は何時からこのような慢心をするようになった……）",[]
ハァッ！！,1,45,1,normal,93667,93683,ハァッ！！,ハァッ！！,[]
喝！！,1,28,1,kanji_term,93683,93693,喝！！,喝！！,[]
クッ……！！,1,46,1,normal,93700,93719,クッ……！！,クッ……！！,[]
唔……！！,1,30,1,kanji_term,93719,93735,唔……！！,唔……！！,[]
耐えますか…… 流石はヤマトの将。,1,57,1,normal,93744,93794,"耐えますか……
流石はヤマトの将。","耐えますか……
流石はヤマトの将。",[]
（強い……！！ これまでのどの立ち合いと比べても、まさに別格……！！）,1,70,1,normal,93904,94011,"（強い……！！
　これまでのどの立ち合いと比べても、まさに別格……！！）","（強い……！！
　これまでのどの立ち合いと比べても、まさに別格……！！）",[]
（よもやこの地に、これほどの漢がいようとは…… だがしかし、ここで倒れるわけにはいかぬ…！！）,1,70,1,normal,94172,94315,"（よもやこの地に、これほどの漢がいようとは……
　だがしかし、ここで倒れるわけにはいかぬ…！！）","（よもやこの地に、これほどの漢がいようとは……
　だがしかし、ここで倒れるわけにはいかぬ…！！）",[]
いざ、参られよ！！ 今こそ、ヤマトの武を示す刻！！,1,65,1,normal,94522,94596,"いざ、参られよ！！
今こそ、ヤマトの武を示す刻！！","いざ、参られよ！！
今こそ、ヤマトの武を示す刻！！",[]
要上了！！ 現在正是宣示大和武力的時候！！,1,31,1,kanji_sentence,94596,94658,"要上了！！
現在正是宣示大和武力的時候！！","要上了！！
現在正是宣示大和武力的時候！！",[]
見事な守りです。 で、あるからこそ攻めの戦に慣れていない。,1,69,1,normal,94739,94825,"見事な守りです。
で、あるからこそ攻めの戦に慣れていない。","見事な守りです。
で、あるからこそ攻めの戦に慣れていない。",[]
（…フッ、見透かされているか…… だが、小生には今この場を守りきる義務がある…！！）,1,70,1,normal,94986,95114,"（…フッ、見透かされているか……
　だが、小生には今この場を守りきる義務がある…！！）","（…フッ、見透かされているか……
　だが、小生には今この場を守りきる義務がある…！！）",[]
なぜだ？ なぜ、ウズールッシャの者がここにいるんだ？,1,66,1,normal,95307,95384,"なぜだ？
なぜ、ウズールッシャの者がここにいるんだ？","なぜだ？
なぜ、ウズールッシャの者がここにいるんだ？",[]
為什麼？ 為什麼烏茲魯沙的人會在這裡？,1,29,1,kanji_sentence,95384,95440,"為什麼？
為什麼烏茲魯沙的人會在這裡？","為什麼？
為什麼烏茲魯沙的人會在這裡？",[]
すごく嫌なニオイ……,1,50,1,normal,95481,95512,すごく嫌なニオイ……,すごく嫌なニオイ……,[]
有種非常不好的預感……,1,21,1,kanji_sentence,95512,95546,有種非常不好的預感……,有種非常不好的預感……,[]
怪しい気配を放ってるじゃない…… 旦那、せいぜい気をつけるこった。,1,70,1,normal,95569,95667,"怪しい気配を放ってるじゃない……
旦那、せいぜい気をつけるこった。","怪しい気配を放ってるじゃない……
旦那、せいぜい気をつけるこった。",[]
あぁ、妙に禍々しい連中だ……,1,54,1,normal,95809,95852,あぁ、妙に禍々しい連中だ……,あぁ、妙に禍々しい連中だ……,[]
オウギよ、こいつ等と我々は同業種なのか？,1,60,1,normal,95937,95998,オウギよ、こいつ等と我々は同業種なのか？,オウギよ、こいつ等と我々は同業種なのか？,[]
いいえ、姉上。 この方々は少々違うようです。,1,62,1,normal,96087,96152,"いいえ、姉上。
この方々は少々違うようです。","いいえ、姉上。
この方々は少々違うようです。",[]
ふわ～、変な手ごたえの相手やぇ。,1,56,1,normal,96278,96327,ふわ～、変な手ごたえの相手やぇ。,ふわ～、変な手ごたえの相手やぇ。,[]
強いって話だったが…… チッ、こいつは聞いてたよりやばいじゃない。,1,70,1,normal,96420,96518,"強いって話だったが……
チッ、こいつは聞いてたよりやばいじゃない。","強いって話だったが……
チッ、こいつは聞いてたよりやばいじゃない。",[]
ぐっ！？ なんだコイツら、手ごたえが変だ…… ヤクトワルト、本当にコイツらは……,1,70,1,normal,96660,96777,"ぐっ！？
なんだコイツら、手ごたえが変だ……
ヤクトワルト、本当にコイツらは……","ぐっ！？
なんだコイツら、手ごたえが変だ……
ヤクトワルト、本当にコイツらは……",[]
おかしい…… コイツらがこんな戦い方を……,1,61,1,normal,96977,97039,"おかしい……
コイツらがこんな戦い方を……","おかしい……
コイツらがこんな戦い方を……",[]
好奇怪…… 竟然用這種方式戰鬥……,1,27,1,kanji_sentence,97039,97089,"好奇怪……
竟然用這種方式戰鬥……","好奇怪……
竟然用這種方式戰鬥……",[]
なんて身軽な……思ったより速い！ 一気に近づかれないよう気を付けて！,1,70,1,normal,97136,97237,"なんて身軽な……思ったより速い！
一気に近づかれないよう気を付けて！","なんて身軽な……思ったより速い！
一気に近づかれないよう気を付けて！",[]
好輕盈……比想像的還要快！ 小心不要讓他們一下子太靠近了！,1,39,1,kanji_sentence,97237,97323,"好輕盈……比想像的還要快！
小心不要讓他們一下子太靠近了！","好輕盈……比想像的還要快！
小心不要讓他們一下子太靠近了！",[]
こ、これは……？,1,48,1,normal,97415,97440,こ、これは……？,こ、これは……？,[]
這，這是……？,1,32,1,kanji_term,97440,97462,這，這是……？,這，這是……？,[]
どうした？,1,45,1,normal,97468,97484,どうした？,どうした？,[]
怎麼了？,1,29,1,kanji_term,97484,97497,怎麼了？,怎麼了？,[]
ふふっ…… 妙なこともあるものですね。,1,59,1,normal,97511,97567,"ふふっ……
妙なこともあるものですね。","ふふっ……
妙なこともあるものですね。",[]
とどめをさしたのに、血が一滴も出ないとは…… なかなか面白くなってきましたね。,1,70,1,normal,97650,97766,"とどめをさしたのに、血が一滴も出ないとは……
なかなか面白くなってきましたね。","とどめをさしたのに、血が一滴も出ないとは……
なかなか面白くなってきましたね。",[]
ううっ……,1,45,1,normal,97957,97973,ううっ……,ううっ……,[]
嗚嗚……,1,49,3,kanji_term,97973,97986,嗚嗚……,嗚嗚……,[]
嗚嗚……,0,49,3,kanji_term,280138,280151,嗚嗚……,嗚嗚……,[]
嗚嗚……,0,49,3,kanji_term,291147,291160,嗚嗚……,嗚嗚……,[]
大丈夫かい？,1,46,1,normal,97992,98011,大丈夫かい？,大丈夫かい？,[]
沒事吧？,1,29,1,kanji_term,98011,98024,沒事吧？,沒事吧？,[]
なんだか、このヒトたちの目……,1,55,1,normal,98034,98080,なんだか、このヒトたちの目……,なんだか、このヒトたちの目……,[]
ああ、なんか変な感じじゃない。,1,55,1,normal,98134,98180,ああ、なんか変な感じじゃない。,ああ、なんか変な感じじゃない。,[]
嗯，感覺很奇怪呢。,1,34,1,kanji_term,98180,98208,嗯，感覺很奇怪呢。,嗯，感覺很奇怪呢。,[]
嫌な予感。,1,45,1,normal,98259,98275,嫌な予感。,嫌な予感。,[]
不好的預感。,1,31,1,kanji_term,98275,98294,不好的預感。,不好的預感。,[]
この者達からは不吉な臭いがします……,1,58,1,normal,98309,98364,この者達からは不吉な臭いがします……,この者達からは不吉な臭いがします……,[]
這些人散發著不祥的氣息……,1,23,1,kanji_sentence,98364,98404,這些人散發著不祥的氣息……,這些人散發著不祥的氣息……,[]
ああ…… 何となくだがわかる……,1,56,1,normal,98444,98491,"ああ……
何となくだがわかる……","ああ……
何となくだがわかる……",[]
嗯…… 我懂妳說的感覺……,1,23,1,kanji_sentence,98491,98529,"嗯……
我懂妳說的感覺……","嗯……
我懂妳說的感覺……",[]
コイツらに攻撃される度、肌がヒリヒリする…… なんなんだ、コイツらは？,1,70,1,normal,98559,98663,"コイツらに攻撃される度、肌がヒリヒリする……
なんなんだ、コイツらは？","コイツらに攻撃される度、肌がヒリヒリする……
なんなんだ、コイツらは？",[]
ハクさん、 これは……どういう事なんでしょうか？,1,64,1,normal,98844,98915,"ハクさん、
これは……どういう事なんでしょうか？","ハクさん、
これは……どういう事なんでしょうか？",[]
何が何だか…… さっぱりだ……！,1,56,1,normal,99015,99062,"何が何だか……
さっぱりだ……！","何が何だか……
さっぱりだ……！",[]
悪い夢でも見てるのかな……？,1,54,1,normal,99134,99177,悪い夢でも見てるのかな……？,悪い夢でも見てるのかな……？,[]
難不成我是在做惡夢嗎……？,1,23,1,kanji_sentence,99177,99217,難不成我是在做惡夢嗎……？,難不成我是在做惡夢嗎……？,[]
お腹が……お腹が痛いです……,1,54,1,normal,99243,99286,お腹が……お腹が痛いです……,お腹が……お腹が痛いです……,[]
肚子……我的肚子好痛……,1,22,1,kanji_sentence,99286,99323,肚子……我的肚子好痛……,肚子……我的肚子好痛……,[]
いや……ぁ……ぁ……！,1,51,1,normal,99353,99387,いや……ぁ……ぁ……！,いや……ぁ……ぁ……！,[]
不要……啊……啊……！,1,36,1,kanji_term,99387,99421,不要……啊……啊……！,不要……啊……啊……！,[]
うぅ……気持ち悪いです……！,1,54,1,normal,99432,99475,うぅ……気持ち悪いです……！,うぅ……気持ち悪いです……！,[]
嗚嗚……好不舒服……！,1,36,1,kanji_term,99475,99509,嗚嗚……好不舒服……！,嗚嗚……好不舒服……！,[]
ルルティエ、ネコネ、 とにかく落ち着け……！,1,62,1,normal,99536,99601,"ルルティエ、ネコネ、
とにかく落ち着け……！","ルルティエ、ネコネ、
とにかく落ち着け……！",[]
忌まわしき影……,1,48,1,normal,99694,99719,忌まわしき影……,忌まわしき影……,[]
不祥之影……,1,31,1,kanji_term,99719,99738,不祥之影……,不祥之影……,[]
とても危険です。 お守りします。,1,56,1,normal,99774,99821,"とても危険です。
お守りします。","とても危険です。
お守りします。",[]
うなっ……！ 気味が悪いのです！,1,56,1,normal,99895,99942,"うなっ……！
気味が悪いのです！","うなっ……！
気味が悪いのです！",[]
嗚啊……！ 看起來好不舒服！,1,24,1,kanji_sentence,99942,99983,"嗚啊……！
看起來好不舒服！","嗚啊……！
看起來好不舒服！",[]
ひっ、ひぃぃっ！ し、屍体がっ！,1,56,1,normal,100003,100050,"ひっ、ひぃぃっ！
し、屍体がっ！","ひっ、ひぃぃっ！
し、屍体がっ！",[]
屍体に命を狙われるとは…… 誰の差し金なんだ？,1,63,1,normal,100110,100178,"屍体に命を狙われるとは……
誰の差し金なんだ？","屍体に命を狙われるとは……
誰の差し金なんだ？",[]
沒想到竟然會被屍體攻擊…… 到底是誰指使的？,1,32,1,kanji_sentence,100178,100243,"沒想到竟然會被屍體攻擊……
到底是誰指使的？","沒想到竟然會被屍體攻擊……
到底是誰指使的？",[]
陰気くさい連中やぇ…… もっと明るくやれんのけ？,1,64,1,normal,100302,100373,"陰気くさい連中やぇ……
もっと明るくやれんのけ？","陰気くさい連中やぇ……
もっと明るくやれんのけ？",[]
真是一群陰沉的傢伙啊…… 就不能開朗點嗎？,1,31,1,kanji_sentence,100373,100435,"真是一群陰沉的傢伙啊……
就不能開朗點嗎？","真是一群陰沉的傢伙啊……
就不能開朗點嗎？",[]
そんなことはいいから、 こっちを手伝ってくれ！,1,63,1,normal,100477,100545,"そんなことはいいから、
こっちを手伝ってくれ！","そんなことはいいから、
こっちを手伝ってくれ！",[]
こういうの、キライやぇ……,1,53,1,normal,100637,100677,こういうの、キライやぇ……,こういうの、キライやぇ……,[]
人家討厭這樣……,1,33,1,kanji_term,100677,100702,人家討厭這樣……,人家討厭這樣……,[]
さすがに、こんなのは初めてかな……,1,57,1,normal,100734,100786,さすがに、こんなのは初めてかな……,さすがに、こんなのは初めてかな……,[]
還真是第一次做這種事呢……,1,23,1,kanji_sentence,100786,100826,還真是第一次做這種事呢……,還真是第一次做這種事呢……,[]
もう、何が起こるかわからん…… みんな、注意してくれ！,1,67,1,normal,100878,100958,"もう、何が起こるかわからん……
みんな、注意してくれ！","もう、何が起こるかわからん……
みんな、注意してくれ！",[]
既に死んでいる彼らを攻撃して、 倒せるのでしょうか！？,1,67,1,normal,101091,101171,"既に死んでいる彼らを攻撃して、
倒せるのでしょうか！？","既に死んでいる彼らを攻撃して、
倒せるのでしょうか！？",[]
それを俺に聞かれてもなぁ……,1,54,1,normal,101272,101315,それを俺に聞かれてもなぁ……,それを俺に聞かれてもなぁ……,[]
你問我我也……,1,17,1,kanji_sentence,101315,101337,你問我我也……,你問我我也……,[]
まったく…… 影とは別の意味で厄介じゃない……,1,63,1,normal,101379,101447,"まったく……
影とは別の意味で厄介じゃない……","まったく……
影とは別の意味で厄介じゃない……",[]
こんなのありえないのです……！,1,55,1,normal,101585,101631,こんなのありえないのです……！,こんなのありえないのです……！,[]
怎麼會有這種事……！,1,20,1,kanji_sentence,101631,101662,怎麼會有這種事……！,怎麼會有這種事……！,[]
お、お化けなんて怖くないのです……！ 迷信なのです！,1,66,1,normal,101682,101759,"お、お化けなんて怖くないのです……！
迷信なのです！","お、お化けなんて怖くないのです……！
迷信なのです！",[]
汝ら如きでは、我を倒す事はかなわぬ。 邪魔だ……消え失せろ…！,1,70,1,normal,101851,101943,"汝ら如きでは、我を倒す事はかなわぬ。
邪魔だ……消え失せろ…！","汝ら如きでは、我を倒す事はかなわぬ。
邪魔だ……消え失せろ…！",[]
この程度の力……,1,48,1,normal,102086,102111,この程度の力……,この程度の力……,[]
就憑這點力量……,1,33,1,kanji_term,102111,102136,就憑這點力量……,就憑這點力量……,[]
笑止ッ！,1,44,1,normal,102164,102177,笑止ッ！,笑止ッ！,[]
可笑至極！,1,30,1,kanji_term,102177,102193,可笑至極！,可笑至極！,[]
みんな、奴に仮面の力を使わせる隙を与えないでくれ。,1,65,1,normal,102204,102280,みんな、奴に仮面の力を使わせる隙を与えないでくれ。,みんな、奴に仮面の力を使わせる隙を与えないでくれ。,[]
仮面の力を使われると、 どうにもできなくなるかな……！,1,67,1,normal,102376,102456,"仮面の力を使われると、
どうにもできなくなるかな……！","仮面の力を使われると、
どうにもできなくなるかな……！",[]
うひひ♪ こんな楽しそうな戦、 うち、もぅ我慢できへんぇ……！,1,70,1,normal,102560,102652,"うひひ♪　こんな楽しそうな戦、
うち、もぅ我慢できへんぇ……！","うひひ♪　こんな楽しそうな戦、
うち、もぅ我慢できへんぇ……！",[]
姫殿下を…… なんとしてでもお助けするです！,1,62,1,normal,102764,102829,"姫殿下を……
なんとしてでもお助けするです！","姫殿下を……
なんとしてでもお助けするです！",[]
公主殿下…… 無論如何都一定會救您出來的！,1,31,1,kanji_sentence,102829,102891,"公主殿下……
無論如何都一定會救您出來的！","公主殿下……
無論如何都一定會救您出來的！",[]
力なき者に、 正義や理想を振りかざす資格はないッ！,1,65,1,normal,102934,103008,"力なき者に、
正義や理想を振りかざす資格はないッ！","力なき者に、
正義や理想を振りかざす資格はないッ！",[]
消えろッ！！,1,46,1,normal,103109,103128,消えろッ！！,消えろッ！！,[]
消失吧！！,1,30,1,kanji_term,103128,103144,消失吧！！,消失吧！！,[]
汝ら如きが、 我に歯向かうかッ！！,1,57,1,normal,103149,103199,"汝ら如きが、
我に歯向かうかッ！！","汝ら如きが、
我に歯向かうかッ！！",[]
大ムカデとか、スライムとか、動く屍体とか、 今までも色んな連中を相手にしたけど……,1,70,1,normal,103272,103394,"大ムカデとか、スライムとか、動く屍体とか、
今までも色んな連中を相手にしたけど……","大ムカデとか、スライムとか、動く屍体とか、
今までも色んな連中を相手にしたけど……",[]
間違いなく、こいつが最強だ！,1,54,1,normal,103567,103610,間違いなく、こいつが最強だ！,間違いなく、こいつが最強だ！,[]
雑魚は去れ！ 退かぬ者には死あるのみ。,1,59,1,normal,103701,103757,"雑魚は去れ！
退かぬ者には死あるのみ。","雑魚は去れ！
退かぬ者には死あるのみ。",[]
……すぐに逃げ出してやるさ。,1,54,1,normal,103889,103932,……すぐに逃げ出してやるさ。,……すぐに逃げ出してやるさ。,[]
無事に姫さんを取り戻した後でな！,1,56,1,normal,104006,104055,無事に姫さんを取り戻した後でな！,無事に姫さんを取り戻した後でな！,[]
但那也是等平安奪回公主之後！,1,24,1,kanji_sentence,104055,104098,但那也是等平安奪回公主之後！,但那也是等平安奪回公主之後！,[]
その首、ウチがもらったるぇ！,1,54,1,normal,104137,104180,その首、ウチがもらったるぇ！,その首、ウチがもらったるぇ！,[]
ガッハハハハッ！ 小娘の分際で我に挑むかッ！,1,62,1,normal,104241,104306,"ガッハハハハッ！
小娘の分際で我に挑むかッ！","ガッハハハハッ！
小娘の分際で我に挑むかッ！",[]
哈哈哈哈哈！ 區區一個小丫頭竟敢挑戰吾！,1,30,1,kanji_sentence,104306,104365,"哈哈哈哈哈！
區區一個小丫頭竟敢挑戰吾！","哈哈哈哈哈！
區區一個小丫頭竟敢挑戰吾！",[]
まあ、そう言わんと、ちょっとだけ付きおうてなぁ。 ほんなら、本気でやらせてもらうぇ！,1,70,1,normal,104410,104535,"まあ、そう言わんと、ちょっとだけ付きおうてなぁ。
ほんなら、本気でやらせてもらうぇ！","まあ、そう言わんと、ちょっとだけ付きおうてなぁ。
ほんなら、本気でやらせてもらうぇ！",[]
大丈夫か！？ ルルティエ！,1,53,1,normal,104728,104766,"大丈夫か！？
ルルティエ！","大丈夫か！？
ルルティエ！",[]
露露緹耶！ 妳沒事吧！？,1,37,1,kanji_term,104766,104801,"露露緹耶！
妳沒事吧！？","露露緹耶！
妳沒事吧！？",[]
平気です…… これくらいの傷、なんともありません……！,1,67,1,normal,104821,104901,"平気です……
これくらいの傷、なんともありません……！","平気です……
これくらいの傷、なんともありません……！",[]
我沒事…… 這點小傷完全不礙事的……！,1,29,1,kanji_sentence,104901,104957,"我沒事……
這點小傷完全不礙事的……！","我沒事……
這點小傷完全不礙事的……！",[]
わたしの事より、 今は、アンジュさまを……！,1,62,1,normal,104986,105051,"わたしの事より、
今は、アンジュさまを……！","わたしの事より、
今は、アンジュさまを……！",[]
わかった…… 皆！ 長引けば消耗するだけだ！ 一気に片を付けるぞ！,1,70,1,normal,105152,105248,"わかった……
皆！　長引けば消耗するだけだ！
一気に片を付けるぞ！","わかった……
皆！　長引けば消耗するだけだ！
一気に片を付けるぞ！",[]
我知道…… 大家！拖延下去只是無謂地消耗！ 必須得一口氣解決才行！,1,40,1,kanji_sentence,105248,105344,"我知道……
大家！拖延下去只是無謂地消耗！
必須得一口氣解決才行！","我知道……
大家！拖延下去只是無謂地消耗！
必須得一口氣解決才行！",[]
そういう、何でもかんでも力任せって嫌われるかな！,1,64,1,normal,105447,105520,そういう、何でもかんでも力任せって嫌われるかな！,そういう、何でもかんでも力任せって嫌われるかな！,[]
像那樣只靠蠻力做事是會被討厭的！,1,26,1,kanji_sentence,105520,105569,像那樣只靠蠻力做事是會被討厭的！,像那樣只靠蠻力做事是會被討厭的！,[]
軟弱者の出る幕ではないわ！ か弱き女など、遠巻きでさえずっておればよい！,1,70,1,normal,105615,105722,"軟弱者の出る幕ではないわ！
か弱き女など、遠巻きでさえずっておればよい！","軟弱者の出る幕ではないわ！
か弱き女など、遠巻きでさえずっておればよい！",[]
這裡不需要弱者出場！ 弱女子在旁邊遠觀就行了！,1,33,1,kanji_sentence,105722,105790,"這裡不需要弱者出場！
弱女子在旁邊遠觀就行了！","這裡不需要弱者出場！
弱女子在旁邊遠觀就行了！",[]
か弱いかどうか、 今から見せてあげるかな！,1,61,1,normal,105873,105935,"か弱いかどうか、
今から見せてあげるかな！","か弱いかどうか、
今から見せてあげるかな！",[]
くくっ、うまそうな獲物ではないか。,1,57,1,normal,106025,106077,くくっ、うまそうな獲物ではないか。,くくっ、うまそうな獲物ではないか。,[]
ココー……,1,45,1,normal,106147,106163,ココー……,ココー……,[]
可可……,1,29,1,kanji_term,106163,106185,可可#@－－#……,可可{{L000}}……,"[""#@－－#""]"
ココポ…… 怯えないで！,1,52,1,normal,106202,106237,"ココポ……
怯えないで！","ココポ……
怯えないで！",[]
可可啵…… 不用害怕！,1,36,1,kanji_term,106237,106269,"可可啵……
不用害怕！","可可啵……
不用害怕！",[]
長引かせるのはマズいじゃない！,1,55,1,normal,106296,106342,長引かせるのはマズいじゃない！,長引かせるのはマズいじゃない！,[]
再繼續拖下去非常不妙！,1,36,1,kanji_term,106342,106376,再繼續拖下去非常不妙！,再繼續拖下去非常不妙！,[]
それはそうだが、 直ぐにどうにかできる相手じゃないぞ……！,1,69,1,normal,106413,106499,"それはそうだが、
直ぐにどうにかできる相手じゃないぞ……！","それはそうだが、
直ぐにどうにかできる相手じゃないぞ……！",[]
我ノ…邪魔ヲ……スルナ！,1,52,1,normal,106596,106633,我ノ…邪魔ヲ……スルナ！,我ノ…邪魔ヲ……スルナ！,[]
不准……妨礙……吾！,1,35,1,kanji_term,106633,106664,不准……妨礙……吾！,不准……妨礙……吾！,[]
ウオォォォォォォォォォォォッ！！,1,56,1,normal,106695,106744,ウオォォォォォォォォォォォッ！！,ウオォォォォォォォォォォォッ！！,[]
唔喔喔喔喔喔喔喔喔喔喔喔喔！！,1,25,1,kanji_sentence,106744,106790,唔喔喔喔喔喔喔喔喔喔喔喔喔！！,唔喔喔喔喔喔喔喔喔喔喔喔喔！！,[]
くっ……！ な、なんて力だ……！,1,56,1,normal,106808,106855,"くっ……！
な、なんて力だ……！","くっ……！
な、なんて力だ……！",[]
オォォォォォォォォォッ！！,1,53,1,normal,106920,106960,オォォォォォォォォォッ！！,オォォォォォォォォォッ！！,[]
喔喔喔喔喔喔喔喔喔喔！！,1,37,1,kanji_term,106960,106997,喔喔喔喔喔喔喔喔喔喔！！,喔喔喔喔喔喔喔喔喔喔！！,[]
我ハ、絶対無敵ナリ。,1,50,1,normal,107014,107045,我ハ、絶対無敵ナリ。,我ハ、絶対無敵ナリ。,[]
吾乃絕對無敵。,1,32,1,kanji_term,107045,107067,吾乃絕對無敵。,吾乃絕對無敵。,[]
ソノヨウナ攻撃…… キカヌ！,1,54,1,normal,107093,107134,"ソノヨウナ攻撃……
キカヌ！","ソノヨウナ攻撃……
キカヌ！",[]
那種攻擊…… 對吾完全沒用！,1,24,1,kanji_sentence,107134,107175,"那種攻擊……
對吾完全沒用！","那種攻擊……
對吾完全沒用！",[]
こっ、コレ、 倒せるんですか！？,1,56,1,normal,107206,107253,"こっ、コレ、
倒せるんですか！？","こっ、コレ、
倒せるんですか！？",[]
倒せなけりゃ、俺たち全員ここで終わりだ！,1,60,1,normal,107320,107381,倒せなけりゃ、俺たち全員ここで終わりだ！,倒せなけりゃ、俺たち全員ここで終わりだ！,[]
（そうは言ったが、 本当にどうする……この状況？）,1,65,1,normal,107462,107539,"（そうは言ったが、
　本当にどうする……この状況？）","（そうは言ったが、
　本当にどうする……この状況？）",[]
この力……! さっきとは桁違い……！,1,58,1,normal,107646,107697,"この力……!
さっきとは桁違い……！","この力……!
さっきとは桁違い……！",[]
這股力量……！ 與剛才天差地別……！,1,28,1,kanji_sentence,107697,107750,"這股力量……！
與剛才天差地別……！","這股力量……！
與剛才天差地別……！",[]
クオン、止まったらやられるぞ！,1,55,1,normal,107794,107840,クオン、止まったらやられるぞ！,クオン、止まったらやられるぞ！,[]
わかってる！ ……どんなに強くても、やるしかないかな！,1,67,1,normal,107931,108011,"わかってる！
……どんなに強くても、やるしかないかな！","わかってる！
……どんなに強くても、やるしかないかな！",[]
うひひひひっ！,1,47,1,normal,108110,108132,うひひひひっ！,うひひひひっ！,[]
唔嘻嘻嘻嘻！,1,31,1,kanji_term,108132,108151,唔嘻嘻嘻嘻！,唔嘻嘻嘻嘻！,[]
アトゥイ！ 闇雲に突っ込むな！,1,55,1,normal,108172,108216,"アトゥイ！
闇雲に突っ込むな！","アトゥイ！
闇雲に突っ込むな！",[]
阿圖依！ 不要亂攻擊！,1,36,1,kanji_term,108216,108248,"阿圖依！
不要亂攻擊！","阿圖依！
不要亂攻擊！",[]
駄目だ、聞こえてない……！,1,53,1,normal,108273,108313,駄目だ、聞こえてない……！,駄目だ、聞こえてない……！,[]
ネコネ、アトゥイの援護を頼む！ 早く！,1,59,1,normal,108381,108437,"ネコネ、アトゥイの援護を頼む！
早く！","ネコネ、アトゥイの援護を頼む！
早く！",[]
はっ、はいなのです！,1,50,1,normal,108512,108543,はっ、はいなのです！,はっ、はいなのです！,[]
是，是的！,1,30,1,kanji_term,108543,108559,是，是的！,是，是的！,[]
離れて。,1,44,1,normal,108570,108583,離れて。,離れて。,[]
請離開。,1,29,1,kanji_term,108583,108596,請離開。,請離開。,[]
主様、一度距離を取ってください。,1,56,1,normal,108615,108664,主様、一度距離を取ってください。,主様、一度距離を取ってください。,[]
駄目だ！ 時間を掛ければ相手の思う壺だ！ ここは危険でも、一気に叩かなくては！,1,70,1,normal,108736,108850,"駄目だ！
時間を掛ければ相手の思う壺だ！
ここは危険でも、一気に叩かなくては！","駄目だ！
時間を掛ければ相手の思う壺だ！
ここは危険でも、一気に叩かなくては！",[]
今まで色んな奴を斬ってきたけど……,1,57,1,normal,109045,109097,今まで色んな奴を斬ってきたけど……,今まで色んな奴を斬ってきたけど……,[]
目前為止我砍過各式各樣的傢伙……,1,26,1,kanji_sentence,109097,109146,目前為止我砍過各式各樣的傢伙……,目前為止我砍過各式各樣的傢伙……,[]
こんなのはさすがに初めてじゃない！,1,57,1,normal,109193,109245,こんなのはさすがに初めてじゃない！,こんなのはさすがに初めてじゃない！,[]
但這狀況還真是第一次遇到呢！,1,24,1,kanji_sentence,109245,109288,但這狀況還真是第一次遇到呢！,但這狀況還真是第一次遇到呢！,[]
これ程とは…… 倒すのは骨が折れそうですね。,1,62,1,normal,109323,109388,"これ程とは……
倒すのは骨が折れそうですね。","これ程とは……
倒すのは骨が折れそうですね。",[]
僕が動きを止めますので、 姉上はヤツの目を狙ってください。,1,69,1,normal,109492,109578,"僕が動きを止めますので、
姉上はヤツの目を狙ってください。","僕が動きを止めますので、
姉上はヤツの目を狙ってください。",[]
よし、まかせるがいい！,1,51,1,normal,109711,109745,よし、まかせるがいい！,よし、まかせるがいい！,[]
好，就交給我吧！,1,33,1,kanji_term,109745,109770,好，就交給我吧！,好，就交給我吧！,[]
オォォォォォォォォォォォォッ！！,1,56,1,normal,109796,109845,オォォォォォォォォォォォォッ！！,オォォォォォォォォォォォォッ！！,[]
喔喔喔喔喔喔喔喔喔喔喔喔喔喔喔！！,1,27,1,kanji_sentence,109845,109897,喔喔喔喔喔喔喔喔喔喔喔喔喔喔喔！！,喔喔喔喔喔喔喔喔喔喔喔喔喔喔喔！！,[]
ソウダ、ソウコナクテハツマラヌ！！,1,57,1,normal,109913,109965,ソウダ、ソウコナクテハツマラヌ！！,ソウダ、ソウコナクテハツマラヌ！！,[]
沒錯，就是要這樣！！,1,35,1,kanji_term,109965,109996,沒錯，就是要這樣！！,沒錯，就是要這樣！！,[]
仮面ヨ！ 我ハサラニ求ム！ 我ガ魂ヲ喰ライテ、天元ヲ超エシ、 天外ノ力ヲ示セッ！！,1,70,1,normal,110046,110166,"仮面ヨ！　我ハサラニ求ム！
我ガ魂ヲ喰ライテ、天元ヲ超エシ、
天外ノ力ヲ示セッ！！","仮面ヨ！　我ハサラニ求ム！
我ガ魂ヲ喰ライテ、天元ヲ超エシ、
天外ノ力ヲ示セッ！！",[]
沈メ！ ヴライ！！,1,49,1,normal,110347,110373,"沈メ！
ヴライ！！","沈メ！
ヴライ！！",[]
倒下吧！ 武賴！！,1,34,1,kanji_term,110373,110399,"倒下吧！
武賴！！","倒下吧！
武賴！！",[]
ヌ……クオォォォォォォォォッ！！,1,56,1,normal,110413,110462,ヌ……クオォォォォォォォォッ！！,ヌ……クオォォォォォォォォッ！！,[]
嗚……喔喔喔喔喔喔喔喔喔喔喔！！,1,26,1,kanji_sentence,110462,110511,嗚……喔喔喔喔喔喔喔喔喔喔喔！！,嗚……喔喔喔喔喔喔喔喔喔喔喔！！,[]
足リヌ！！,1,45,1,normal,110535,110551,足リヌ！！,足リヌ！！,[]
不夠！！,1,29,1,kanji_term,110551,110564,不夠！！,不夠！！,[]
足リヌ足リヌ足リヌ足リヌ足リヌゥ！！,1,58,1,normal,110582,110637,足リヌ足リヌ足リヌ足リヌ足リヌゥ！！,足リヌ足リヌ足リヌ足リヌ足リヌゥ！！,[]
不夠不夠不夠不夠不夠不夠不夠！！,1,26,1,kanji_sentence,110637,110686,不夠不夠不夠不夠不夠不夠不夠！！,不夠不夠不夠不夠不夠不夠不夠！！,[]
ガッグ……！,1,46,1,normal,110725,110753,ガッ#@－－#グ……！,ガッ{{L000}}グ……！,"[""#@－－#""]"
啊嗚……！,1,30,1,kanji_term,110753,110778,啊#@－－#嗚……！,啊{{L000}}嗚……！,"[""#@－－#""]"
チカラダ！ 仮面ヨ、チカラヲ！ 我ガ魂魄ヲ喰ライ、チカラヲヨコセィ！！,1,70,1,normal,110793,110897,"チカラダ！　仮面ヨ、チカラヲ！
我ガ魂魄ヲ喰ライ、チカラヲヨコセィ！！","チカラダ！　仮面ヨ、チカラヲ！
我ガ魂魄ヲ喰ライ、チカラヲヨコセィ！！",[]
莫迦ナ……！ アレヲ喰ラッテ動ケルダト！？,1,61,1,normal,111065,111127,"莫迦ナ……！
アレヲ喰ラッテ動ケルダト！？","莫迦ナ……！
アレヲ喰ラッテ動ケルダト！？",[]
這不可能……！ 受了那一擊竟還能有所動作！？,1,32,1,kanji_sentence,111127,111192,"這不可能……！
受了那一擊竟還能有所動作！？","這不可能……！
受了那一擊竟還能有所動作！？",[]
汝ハ……何故動ケル……！,1,52,1,normal,111249,111286,汝ハ……何故動ケル……！,汝ハ……何故動ケル……！,[]
汝……為何還能動……！,1,21,1,kanji_sentence,111286,111320,汝……為何還能動……！,汝……為何還能動……！,[]
コォォォォォォォォォッ……ハアァァァァッッ！！,1,63,1,normal,111356,111426,コォォォォォォォォォッ……ハアァァァァッッ！！,コォォォォォォォォォッ……ハアァァァァッッ！！,[]
喔喔喔喔喔喔喔喔喔喔……啊啊啊啊啊啊啊啊啊！！,1,33,1,kanji_sentence,111426,111496,喔喔喔喔喔喔喔喔喔喔……啊啊啊啊啊啊啊啊啊！！,喔喔喔喔喔喔喔喔喔喔……啊啊啊啊啊啊啊啊啊！！,[]
グ……ヌゥゥゥ！！,1,49,1,normal,111526,111554,グ……ヌゥゥゥ！！,グ……ヌゥゥゥ！！,[]
嗚……嗚嗚！！,1,32,1,kanji_term,111554,111576,嗚……嗚嗚！！,嗚……嗚嗚！！,[]
莫迦ナ……,1,45,1,normal,111594,111610,莫迦ナ……,莫迦ナ……,[]
不可能……,1,30,1,kanji_term,111610,111626,不可能……,不可能……,[]
我ガ手モ足モ……,1,48,1,normal,111640,111665,我ガ手モ足モ……,我ガ手モ足モ……,[]
吾竟無計可施……,1,33,1,kanji_term,111665,111690,吾竟無計可施……,吾竟無計可施……,[]
何故……汝ノ何処ニ……,1,51,1,normal,111711,111745,何故……汝ノ何処ニ……,何故……汝ノ何処ニ……,[]
為何……汝是從何處……,1,21,1,kanji_sentence,111745,111779,為何……汝是從何處……,為何……汝是從何處……,[]
マサカ、オシュトル…… 汝ハ,1,54,1,normal,111825,111875,"マサカ、オシュトル……
汝ハ#@－－#","マサカ、オシュトル……
汝ハ{{L000}}","[""#@－－#""]"
ネ、ネコネさん…… すっかり囲まれてしまいましたね。,1,66,1,normal,278871,278969,"                     ネ、ネコネさん……
すっかり囲まれてしまいましたね。","                     ネ、ネコネさん……
すっかり囲まれてしまいましたね。",[]
弱音を吐くようなら置いていくのです。,1,58,1,normal,279067,279122,弱音を吐くようなら置いていくのです。,弱音を吐くようなら置いていくのです。,[]
えっ……,1,44,1,normal,279215,279228,えっ……,えっ……,[]
咦……,1,28,1,kanji_term,279228,279238,咦……,咦……,[]
いや、ぜ、全力で戦います！,1,53,1,normal,279247,279287,いや、ぜ、全力で戦います！,いや、ぜ、全力で戦います！,[]
アトゥイ！ 私とどっちが多くを倒せるか競ってみないか？,1,67,1,normal,279376,279456,"アトゥイ！
私とどっちが多くを倒せるか競ってみないか？","アトゥイ！
私とどっちが多くを倒せるか競ってみないか？",[]
阿圖依！ 要不要跟我比賽看誰打得多啊？,1,29,1,kanji_sentence,279456,279512,"阿圖依！
要不要跟我比賽看誰打得多啊？","阿圖依！
要不要跟我比賽看誰打得多啊？",[]
ええよ～♪ わくわくしてきたぇ～。,1,57,1,normal,279569,279619,"ええよ～♪
わくわくしてきたぇ～。","ええよ～♪
わくわくしてきたぇ～。",[]
では、勝った方がハクの晩飯を貰うという事で。,1,62,1,normal,279697,279764,では、勝った方がハクの晩飯を貰うという事で。,では、勝った方がハクの晩飯を貰うという事で。,[]
ちょ、おまっ！,1,47,1,normal,279863,279885,ちょ、おまっ！,ちょ、おまっ！,[]
喂，妳們！,1,30,1,kanji_term,279885,279901,喂，妳們！,喂，妳們！,[]
ネコネさん、 危険ですから、私の後ろに！,1,60,1,normal,279915,279974,"ネコネさん、
危険ですから、私の後ろに！","ネコネさん、
危険ですから、私の後ろに！",[]
私は大丈夫なのです。,1,50,1,normal,280071,280102,私は大丈夫なのです。,私は大丈夫なのです。,[]
我沒事。,1,29,1,kanji_term,280102,280115,我沒事。,我沒事。,[]
あう……,1,44,1,normal,280125,280138,あう……,あう……,[]
キウル……がんばれ！,1,50,1,normal,280155,280186,キウル……がんばれ！,キウル……がんばれ！,[]
奇羽琉……加油！,1,33,1,kanji_term,280186,280211,奇羽琉……加油！,奇羽琉……加油！,[]
にょほ…… 少し休ませてほしいでおじゃるよ……,1,63,1,normal,280235,280303,"にょほ……
少し休ませてほしいでおじゃるよ……","にょほ……
少し休ませてほしいでおじゃるよ……",[]
喔呵…… 可以稍微讓我休息一下嗎……,1,28,1,kanji_sentence,280303,280356,"喔呵……
可以稍微讓我休息一下嗎……","喔呵……
可以稍微讓我休息一下嗎……",[]
にゅおおおおお！ マロの全力を喰らうでおじゃる！,1,64,1,normal,280392,280463,"にゅおおおおお！
マロの全力を喰らうでおじゃる！","にゅおおおおお！
マロの全力を喰らうでおじゃる！",[]
喔哦哦哦哦哦！ 吃我麻呂全力一擊吧！,1,28,1,kanji_sentence,280463,280516,"喔哦哦哦哦哦！
吃我麻呂全力一擊吧！","喔哦哦哦哦哦！
吃我麻呂全力一擊吧！",[]
ココポ、やりすぎないでね？,1,53,1,normal,280558,280598,ココポ、やりすぎないでね？,ココポ、やりすぎないでね？,[]
コオオォォ！,1,46,1,normal,280671,280690,コオオォォ！,コオオォォ！,[]
吼喔喔喔喔！,1,31,1,kanji_term,280690,280709,吼喔喔喔喔！,吼喔喔喔喔！,[]
もうおしまいけ？ 来ないならこっちから行くぇ！,1,63,1,normal,280730,280798,"もうおしまいけ？
来ないならこっちから行くぇ！","もうおしまいけ？
来ないならこっちから行くぇ！",[]
到此為止了嗎？ 你不過來的話我就過去囉！,1,30,1,kanji_sentence,280798,280857,"到此為止了嗎？
你不過來的話我就過去囉！","到此為止了嗎？
你不過來的話我就過去囉！",[]
キウル、流れを変えられる前に一気に押し込むぞ。,1,63,1,normal,280929,280999,キウル、流れを変えられる前に一気に押し込むぞ。,キウル、流れを変えられる前に一気に押し込むぞ。,[]
は、はい！ なんとかやってみます！,1,57,1,normal,281122,281172,"は、はい！
なんとかやってみます！","は、はい！
なんとかやってみます！",[]
ほう、先ほどまでの兵とは腕が違いますね。 これは……なかなか楽しめそうです。,1,70,1,normal,281244,281357,"ほう、先ほどまでの兵とは腕が違いますね。
これは……なかなか楽しめそうです。","ほう、先ほどまでの兵とは腕が違いますね。
これは……なかなか楽しめそうです。",[]
こいつらの攻撃はまずいな…… みんな！ 無理に近づく必要は無いぞ！,1,70,1,normal,281534,281632,"こいつらの攻撃はまずいな……
みんな！　無理に近づく必要は無いぞ！","こいつらの攻撃はまずいな……
みんな！　無理に近づく必要は無いぞ！",[]
這些傢伙的攻擊真棘手…… 大家！沒有必要勉強接近！,1,35,1,kanji_sentence,281632,281706,"這些傢伙的攻擊真棘手……
大家！沒有必要勉強接近！","這些傢伙的攻擊真棘手……
大家！沒有必要勉強接近！",[]
よし、ここは私の出番だな！,1,53,1,normal,281777,281817,よし、ここは私の出番だな！,よし、ここは私の出番だな！,[]
うむ、さすがだなオウギ。 また腕を上げたな！,1,62,1,normal,281876,281941,"うむ、さすがだなオウギ。
また腕を上げたな！","うむ、さすがだなオウギ。
また腕を上げたな！",[]
ふぅ、 なんとか一匹足止めできたか……,1,59,1,normal,282075,282131,"ふぅ、
なんとか一匹足止めできたか……","ふぅ、
なんとか一匹足止めできたか……",[]
さ、さすがはハク殿でおじゃる！,1,55,1,normal,282204,282250,さ、さすがはハク殿でおじゃる！,さ、さすがはハク殿でおじゃる！,[]
旦那、やるじゃない……！,1,52,1,normal,282310,282347,旦那、やるじゃない……！,旦那、やるじゃない……！,[]
働きたくないでござる……,1,52,1,normal,282403,282440,働きたくないでござる……,働きたくないでござる……,[]
我不想工作……,1,17,1,kanji_sentence,282440,282462,我不想工作……,我不想工作……,[]
なにか言った？,1,47,1,normal,282508,282530,なにか言った？,なにか言った？,[]
你說了什麼嗎？,1,17,1,kanji_sentence,282530,282552,你說了什麼嗎？,你說了什麼嗎？,[]
いや、なにも。,1,47,1,normal,282575,282597,いや、なにも。,いや、なにも。,[]
不，沒什麼。,1,31,1,kanji_term,282597,282616,不，沒什麼。,不，沒什麼。,[]
なんで自分がこんな事しなきゃならんのだ？,1,60,1,normal,282633,282694,なんで自分がこんな事しなきゃならんのだ？,なんで自分がこんな事しなきゃならんのだ？,[]
為什麼我非得做這種事不可呢？,1,24,1,kanji_sentence,282694,282737,為什麼我非得做這種事不可呢？,為什麼我非得做這種事不可呢？,[]
イヤなんだ……？,1,48,1,normal,282777,282802,イヤなんだ……？,イヤなんだ……？,[]
你不願意嗎……？,1,18,1,kanji_sentence,282802,282827,你不願意嗎……？,你不願意嗎……？,[]
……滅相もないデス。,1,50,1,normal,282852,282883,……滅相もないデス。,……滅相もないデス。,[]
……沒這回事。,1,32,1,kanji_term,282883,282905,……沒這回事。,……沒這回事。,[]
じ～～～～……,1,47,1,normal,282936,282958,じ～～～～……,じ～～～～……,[]
はは…… 手を抜くと叱られそうだな……,1,59,1,normal,282997,283053,"はは……
手を抜くと叱られそうだな……","はは……
手を抜くと叱られそうだな……",[]
哈哈…… 感覺偷懶的話就會被罵呢……,1,28,1,kanji_sentence,283053,283106,"哈哈……
感覺偷懶的話就會被罵呢……","哈哈……
感覺偷懶的話就會被罵呢……",[]
ハクさま…… ご武運をお祈りします。,1,58,1,normal,283156,283209,"ハクさま……
ご武運をお祈りします。","ハクさま……
ご武運をお祈りします。",[]
う……まぁ、そこそこ頑張るか。,1,55,1,normal,283279,283325,う……まぁ、そこそこ頑張るか。,う……まぁ、そこそこ頑張るか。,[]
少しは期待にこたえないとな。,1,54,1,normal,283391,283434,少しは期待にこたえないとな。,少しは期待にこたえないとな。,[]
ルルティエ、あまり無理はするなよ。,1,57,1,normal,283518,283570,ルルティエ、あまり無理はするなよ。,ルルティエ、あまり無理はするなよ。,[]
は、はい。 無理せずがんばります……！,1,59,1,normal,283640,283696,"は、はい。
無理せずがんばります……！","は、はい。
無理せずがんばります……！",[]
可憐だ……,1,45,1,normal,283800,283816,可憐だ……,可憐だ……,[]
好可愛……,1,30,1,kanji_term,283816,283832,好可愛……,好可愛……,[]
ルルティエ、無理しなくていいんだよ？,1,58,1,normal,283859,283914,ルルティエ、無理しなくていいんだよ？,ルルティエ、無理しなくていいんだよ？,[]
大丈夫、です……,1,48,1,normal,284014,284039,大丈夫、です……,大丈夫、です……,[]
我沒問題的……,1,17,1,kanji_sentence,284039,284061,我沒問題的……,我沒問題的……,[]
さぁ、気合いを入れて行くのです。,1,56,1,normal,284097,284146,さぁ、気合いを入れて行くのです。,さぁ、気合いを入れて行くのです。,[]
明日から本気出す…… ってわけにはいかないか……,1,64,1,normal,284218,284289,"明日から本気出す……
ってわけにはいかないか……","明日から本気出す……
ってわけにはいかないか……",[]
明天再開始認真…… 大概不行吧……,1,27,1,kanji_sentence,284289,284339,"明天再開始認真……
大概不行吧……","明天再開始認真……
大概不行吧……",[]
アトゥイ、ひとりで突っ込むなよ。,1,56,1,normal,284385,284434,アトゥイ、ひとりで突っ込むなよ。,アトゥイ、ひとりで突っ込むなよ。,[]
おにーさん、いけずや……,1,52,1,normal,284516,284553,おにーさん、いけずや……,おにーさん、いけずや……,[]
小哥，你真壞心……,1,34,1,kanji_term,284553,284581,小哥，你真壞心……,小哥，你真壞心……,[]
あはは、楽しみで歌い出しそうやわぁ♪,1,58,1,normal,284608,284663,あはは、楽しみで歌い出しそうやわぁ♪,あはは、楽しみで歌い出しそうやわぁ♪,[]
頼むから静かにしてくれ……,1,53,1,normal,284762,284802,頼むから静かにしてくれ……,頼むから静かにしてくれ……,[]
うひひ♪ 一番槍もろうたぇ！,1,54,1,normal,284876,284917,"うひひ♪
一番槍もろうたぇ！","うひひ♪
一番槍もろうたぇ！",[]
嘻嘻嘻 人家搶先立功啦！,1,37,1,kanji_term,284917,284958,"嘻嘻嘻<onpu>
人家搶先立功啦！","嘻嘻嘻{{L000}}
人家搶先立功啦！","[""<onpu>""]"
先を越されるとは…… フッ……男前な姉ちゃんじゃない。,1,67,1,normal,284996,285076,"先を越されるとは……
フッ……男前な姉ちゃんじゃない。","先を越されるとは……
フッ……男前な姉ちゃんじゃない。",[]
ノスリ、ここは頼めるか？,1,52,1,normal,285189,285226,ノスリ、ここは頼めるか？,ノスリ、ここは頼めるか？,[]
フッ、任せるがいい！ いい女は期待を裏切らぬもの！,1,65,1,normal,285284,285358,"フッ、任せるがいい！
いい女は期待を裏切らぬもの！","フッ、任せるがいい！
いい女は期待を裏切らぬもの！",[]
ここは私を信じて、任せるがいい。,1,56,1,normal,285480,285529,ここは私を信じて、任せるがいい。,ここは私を信じて、任せるがいい。,[]
這裡就放心交給我吧。,1,35,1,kanji_term,285529,285560,這裡就放心交給我吧。,這裡就放心交給我吧。,[]
あぁ、すまんな。,1,48,1,normal,285586,285611,あぁ、すまんな。,あぁ、すまんな。,[]
嗯，抱歉。,1,30,1,kanji_term,285611,285627,嗯，抱歉。,嗯，抱歉。,[]
頼りない男を支えるのが、いい女というものだ。,1,62,1,normal,285641,285708,頼りない男を支えるのが、いい女というものだ。,頼りない男を支えるのが、いい女というものだ。,[]
行くぞオウギ！ お家再興を目指して！,1,58,1,normal,285843,285896,"行くぞオウギ！
お家再興を目指して！","行くぞオウギ！
お家再興を目指して！",[]
さすがは姉上、今日も輝いています！,1,57,1,normal,285986,286038,さすがは姉上、今日も輝いています！,さすがは姉上、今日も輝いています！,[]
主様をお守りする。,1,49,1,normal,286133,286161,主様をお守りする。,主様をお守りする。,[]
我們會保護主人的。,1,34,1,kanji_term,286161,286189,我們會保護主人的。,我們會保護主人的。,[]
この命に代えてもお守りするのが、私たちの使命です。,1,65,1,normal,286219,286295,この命に代えてもお守りするのが、私たちの使命です。,この命に代えてもお守りするのが、私たちの使命です。,[]
あーわかったわかった、あんまり堅苦しく考えるな。,1,64,1,normal,286371,286444,あーわかったわかった、あんまり堅苦しく考えるな。,あーわかったわかった、あんまり堅苦しく考えるな。,[]
旦那 これ終わったら呑みに行くかい？,1,58,1,normal,286530,286583,"旦那
これ終わったら呑みに行くかい？","旦那
これ終わったら呑みに行くかい？",[]
おごりなら、いつでもつきあうぞ。,1,56,1,normal,286668,286717,おごりなら、いつでもつきあうぞ。,おごりなら、いつでもつきあうぞ。,[]
姉さま、気をつけるです！,1,52,1,normal,286778,286815,姉さま、気をつけるです！,姉さま、気をつけるです！,[]
ありがとう。 油断はしないから。,1,56,1,normal,286873,286920,"ありがとう。
油断はしないから。","ありがとう。
油断はしないから。",[]
今こそ鍛えた腕を見せる時だ！ 行くぞオウギ！,1,62,1,normal,286983,287048,"今こそ鍛えた腕を見せる時だ！
行くぞオウギ！","今こそ鍛えた腕を見せる時だ！
行くぞオウギ！",[]
はい、姉上。,1,46,1,normal,287150,287169,はい、姉上。,はい、姉上。,[]
是的，大姊。,1,31,1,kanji_term,287169,287188,是的，大姊。,是的，大姊。,[]
早く終わらせて、 お風呂に入りたい……,1,59,1,normal,287209,287265,"早く終わらせて、
お風呂に入りたい……","早く終わらせて、
お風呂に入りたい……",[]
好想趕快結束 回去泡澡喔……,1,39,1,kanji_term,287265,287306,"好想趕快結束
回去泡澡喔……","好想趕快結束
回去泡澡喔……",[]
またウコンのムチャ振りか……,1,54,1,normal,287354,287397,またウコンのムチャ振りか……,またウコンのムチャ振りか……,[]
又是右近丟來的麻煩事嗎……,1,23,1,kanji_sentence,287397,287437,又是右近丟來的麻煩事嗎……,又是右近丟來的麻煩事嗎……,[]
とびきりの酒でもおごって貰わねば、割に合わんな……,1,65,1,normal,287472,287548,とびきりの酒でもおごって貰わねば、割に合わんな……,とびきりの酒でもおごって貰わねば、割に合わんな……,[]
頑張るでおじゃるよ！ ハク殿のために！,1,59,1,normal,287648,287704,"頑張るでおじゃるよ！
ハク殿のために！","頑張るでおじゃるよ！
ハク殿のために！",[]
麻呂！ 會為了哈克大人加油的！,1,25,1,kanji_sentence,287704,287748,"麻呂！
會為了哈克大人加油的！","麻呂！
會為了哈克大人加油的！",[]
（早く一人前になって、ネコネさんと……！）,1,61,1,normal,287798,287862,（早く一人前になって、ネコネさんと……！）,（早く一人前になって、ネコネさんと……！）,[]
ひょっとして私は…… ネコネさんに嫌われているのでしょうか……,1,70,1,normal,287967,288059,"ひょっとして私は……
ネコネさんに嫌われているのでしょうか……","ひょっとして私は……
ネコネさんに嫌われているのでしょうか……",[]
難道我…… 被貓音小姐討厭了嗎……,1,27,1,kanji_sentence,288059,288109,"難道我……
被貓音小姐討厭了嗎……","難道我……
被貓音小姐討厭了嗎……",[]
うなぁぁぁぁっ！,1,48,1,normal,288185,288210,うなぁぁぁぁっ！,うなぁぁぁぁっ！,[]
嗚哇啊啊啊啊！,1,32,1,kanji_term,288210,288232,嗚哇啊啊啊啊！,嗚哇啊啊啊啊！,[]
僕はただ、姉上を支えるだけですから……,1,59,1,normal,288241,288299,僕はただ、姉上を支えるだけですから……,僕はただ、姉上を支えるだけですから……,[]
うひひ♪ 面白くなってきたぇ……,1,56,1,normal,288387,288434,"うひひ♪
面白くなってきたぇ……","うひひ♪
面白くなってきたぇ……",[]
嘻嘻嘻 愈來愈有趣了……,1,22,1,kanji_sentence,288434,288475,"嘻嘻嘻<onpu>
愈來愈有趣了……","嘻嘻嘻{{L000}}
愈來愈有趣了……","[""<onpu>""]"
いい女は、期待にこたえねばな！,1,55,1,normal,288515,288561,いい女は、期待にこたえねばな！,いい女は、期待にこたえねばな！,[]
好女人是不會辜負期待的！,1,22,1,kanji_sentence,288561,288598,好女人是不會辜負期待的！,好女人是不會辜負期待的！,[]
これでまた一歩、いい女に近付いたな！,1,58,1,normal,288638,288693,これでまた一歩、いい女に近付いたな！,これでまた一歩、いい女に近付いたな！,[]
こいつは……なかなかやるじゃない。,1,57,1,normal,288790,288842,こいつは……なかなかやるじゃない。,こいつは……なかなかやるじゃない。,[]
主様、下がって。,1,48,1,normal,288912,288937,主様、下がって。,主様、下がって。,[]
主人，請退下。,1,32,1,kanji_term,288937,288959,主人，請退下。,主人，請退下。,[]
ここは私たちにお任せ下さい。,1,54,1,normal,288978,289021,ここは私たちにお任せ下さい。,ここは私たちにお任せ下さい。,[]
請把這裡交給我們。,1,34,1,kanji_term,289021,289049,請把這裡交給我們。,請把這裡交給我們。,[]
い、いや……それはありがたいんだが、 お前たちは大丈夫なのか？,1,70,1,normal,289074,289166,"い、いや……それはありがたいんだが、
お前たちは大丈夫なのか？","い、いや……それはありがたいんだが、
お前たちは大丈夫なのか？",[]
問題ない。,1,45,1,normal,289305,289321,問題ない。,問題ない。,[]
不要緊。,1,29,1,kanji_term,289321,289334,不要緊。,不要緊。,[]
鎖の巫の力、とくとご覧下さい。,1,55,1,normal,289345,289391,鎖の巫の力、とくとご覧下さい。,鎖の巫の力、とくとご覧下さい。,[]
姉様、怪我はないですか？,1,52,1,normal,289478,289515,姉様、怪我はないですか？,姉様、怪我はないですか？,[]
ありがとう、ネコネ。 まだ大丈夫かな。 でも、危なくなったらお願いできる？,1,70,1,normal,289574,289682,"ありがとう、ネコネ。
まだ大丈夫かな。
でも、危なくなったらお願いできる？","ありがとう、ネコネ。
まだ大丈夫かな。
でも、危なくなったらお願いできる？",[]
はいなのです！,1,47,1,normal,289846,289868,はいなのです！,はいなのです！,[]
好的。,1,28,1,kanji_term,289868,289878,好的。,好的。,[]
ピト。,1,43,1,normal,289891,289901,ピト。,ピト。,[]
黏上。,1,28,1,kanji_term,289901,289911,黏上。,黏上。,[]
主様、お怪我はありませんか？,1,54,1,normal,289917,289960,主様、お怪我はありませんか？,主様、お怪我はありませんか？,[]
主人，有沒有受傷？,1,34,1,kanji_term,289960,289988,主人，有沒有受傷？,主人，有沒有受傷？,[]
こ、コラ！ 戦闘中に、あんまりくっつくな……！,1,63,1,normal,290019,290087,"こ、コラ！
戦闘中に、あんまりくっつくな……！","こ、コラ！
戦闘中に、あんまりくっつくな……！",[]
喂！ 戰鬥時不要黏那麼緊啊……！,1,26,1,kanji_sentence,290087,290134,"喂！
戰鬥時不要黏那麼緊啊……！","喂！
戰鬥時不要黏那麼緊啊……！",[]
………… ハク、あとでちょっといいかな？,1,60,1,normal,290189,290248,"…………
ハク、あとでちょっといいかな？","…………
ハク、あとでちょっといいかな？",[]
あ、あれ？ クオンさん……なんか、目が怖くないです…か……？,1,70,1,normal,290330,290419,"あ、あれ？
クオンさん……なんか、目が怖くないです…か……？","あ、あれ？
クオンさん……なんか、目が怖くないです…か……？",[]
あ、この山菜、 ハク様がお好きな……,1,58,1,normal,290546,290599,"あ、この山菜、
ハク様がお好きな……","あ、この山菜、
ハク様がお好きな……",[]
先手必勝。 即時回収します。,1,54,1,normal,290706,290747,"先手必勝。
即時回収します。","先手必勝。
即時回収します。",[]
はわぁっ…！！ あ、あのぉ…… それ…少し譲っていただくわけには……,1,70,1,normal,290833,290932,"はわぁっ…！！
あ、あのぉ……
それ…少し譲っていただくわけには……","はわぁっ…！！
あ、あのぉ……
それ…少し譲っていただくわけには……",[]
丁重にお断りします。,1,50,1,normal,291058,291089,丁重にお断りします。,丁重にお断りします。,[]
恕我鄭重拒絕。,1,32,1,kanji_term,291089,291111,恕我鄭重拒絕。,恕我鄭重拒絕。,[]
うぅっ……,1,45,1,normal,291131,291147,うぅっ……,うぅっ……,[]
なぁなぁ、ルルやん。 ルルやんはああいうむさ苦しい、 男の友情？ってのが好きなのけ？,1,70,1,normal,291167,291290,"なぁなぁ、ルルやん。
ルルやんはああいうむさ苦しい、
男の友情？ってのが好きなのけ？","なぁなぁ、ルルやん。
ルルやんはああいうむさ苦しい、
男の友情？ってのが好きなのけ？",[]
えぇ！？ そ、それって…どういう意味…でしょうか……？,1,67,1,normal,291479,291559,"えぇ！？
そ、それって…どういう意味…でしょうか……？","えぇ！？
そ、それって…どういう意味…でしょうか……？",[]
……？ ルルやんが、いつも隠れて読んでる本に、 そういう感じのが……,1,70,1,normal,291678,291777,"……？
ルルやんが、いつも隠れて読んでる本に、
そういう感じのが……","……？
ルルやんが、いつも隠れて読んでる本に、
そういう感じのが……",[]
……？ 小露露偷偷在看的書上就是那種……,1,30,1,kanji_sentence,291777,291836,"……？
小露露偷偷在看的書上就是那種……","……？
小露露偷偷在看的書上就是那種……",[]
わー！わー！わー！,1,49,1,normal,291915,291943,わー！わー！わー！,わー！わー！わー！,[]
哇——！哇——！哇——！,1,37,1,kanji_term,291943,291980,哇——！哇——！哇——！,哇——！哇——！哇——！,[]
ルルティエ殿、先日お借りした例のアレなのだが…… いや、実に良かった！ 小生、まだまだ勉強不足と感服致しました。,1,70,1,normal,292000,292165,"ルルティエ殿、先日お借りした例のアレなのだが……
いや、実に良かった！
小生、まだまだ勉強不足と感服致しました。","ルルティエ殿、先日お借りした例のアレなのだが……
いや、実に良かった！
小生、まだまだ勉強不足と感服致しました。",[]
それは良かったです！ また実は……先日こういうものが手に入りまして……,1,70,1,normal,292422,292526,"それは良かったです！
また実は……先日こういうものが手に入りまして……","それは良かったです！
また実は……先日こういうものが手に入りまして……",[]
那太好了！ 其實……這幾天我還得到了這個……,1,32,1,kanji_sentence,292526,292591,"那太好了！
其實……這幾天我還得到了這個……","那太好了！
其實……這幾天我還得到了這個……",[]
……！！ こ、これは…！！ ルルティエ殿！ 是非後学のため、お貸し頂けないだろうか！？,1,70,1,normal,292666,292792,"……！！　こ、これは…！！
ルルティエ殿！
是非後学のため、お貸し頂けないだろうか！？","……！！　こ、これは…！！
ルルティエ殿！
是非後学のため、お貸し頂けないだろうか！？",[]
もちろんです。 その代わりといっては何ですが、 ムネチカ様がお持ちの例のアレを お借りしてもよろしいでしょうか？,1,70,1,normal,293011,293176,"もちろんです。　その代わりといっては何ですが、
ムネチカ様がお持ちの例のアレを
お借りしてもよろしいでしょうか？","もちろんです。　その代わりといっては何ですが、
ムネチカ様がお持ちの例のアレを
お借りしてもよろしいでしょうか？",[]
承知した！ 小生は八柱将が一人、鎮守のムネチカ！ 約束を違うことは致しませぬ！,1,70,1,normal,293355,293469,"承知した！
小生は八柱将が一人、鎮守のムネチカ！
約束を違うことは致しませぬ！","承知した！
小生は八柱将が一人、鎮守のムネチカ！
約束を違うことは致しませぬ！",[]
あの、ネコネさん もし危なくなったら、私の後ろに隠れてください！,1,70,1,normal,293633,293728,"あの、ネコネさん
もし危なくなったら、私の後ろに隠れてください！","あの、ネコネさん
もし危なくなったら、私の後ろに隠れてください！",[]
キウルの後ろに隠れるほど、ヤワじゃないのです。 あとキウルは後衛だから、 盾役はあまり期待してないのです。,1,70,1,normal,293860,294016,"キウルの後ろに隠れるほど、ヤワじゃないのです。
あとキウルは後衛だから、
盾役はあまり期待してないのです。","キウルの後ろに隠れるほど、ヤワじゃないのです。
あとキウルは後衛だから、
盾役はあまり期待してないのです。",[]
え…？ あ、ははっ……そ、そうですか…… 頼りにならない……ですか……,1,70,1,normal,294252,294356,"え…？　あ、ははっ……そ、そうですか……
頼りにならない……ですか……","え…？　あ、ははっ……そ、そうですか……
頼りにならない……ですか……",[]
ほら、 ボサっとしていると敵に近づかれてしまうのです。 しっかり牽制の役に立つのです。,1,70,1,normal,294507,294633,"ほら、
ボサっとしていると敵に近づかれてしまうのです。
しっかり牽制の役に立つのです。","ほら、
ボサっとしていると敵に近づかれてしまうのです。
しっかり牽制の役に立つのです。",[]
え…？ は、はい！ がんばります！！,1,58,1,normal,294846,294899,"え…？　は、はい！
がんばります！！","え…？　は、はい！
がんばります！！",[]
ほう…… なかなか筋が良いじゃない？ あんた、どこの出だい？,1,70,1,normal,294985,295072,"ほう……
なかなか筋が良いじゃない？
あんた、どこの出だい？","ほう……
なかなか筋が良いじゃない？
あんた、どこの出だい？",[]
哦…… 你的身體鍛鍊得真不錯？ 你是哪裡出身？,1,33,1,kanji_sentence,295072,295138,"哦……
你的身體鍛鍊得真不錯？
你是哪裡出身？","哦……
你的身體鍛鍊得真不錯？
你是哪裡出身？",[]
あ、ありがとうございます。 実はエンナカムイから参ったのですが……,1,70,1,normal,295199,295297,"あ、ありがとうございます。
実はエンナカムイから参ったのですが……","あ、ありがとうございます。
実はエンナカムイから参ったのですが……",[]
なるほど…… たしかエンナカムイっていうと、 あの右近衛大将の故郷と聞いたが……,1,70,1,normal,295411,295528,"なるほど……
たしかエンナカムイっていうと、
あの右近衛大将の故郷と聞いたが……","なるほど……
たしかエンナカムイっていうと、
あの右近衛大将の故郷と聞いたが……",[]
原來如此…… 我聽說恩那卡姆依就是 那位右近衛大將的故鄉……,1,40,1,kanji_sentence,295528,295615,"原來如此……
我聽說恩那卡姆依就是
那位右近衛大將的故鄉……","原來如此……
我聽說恩那卡姆依就是
那位右近衛大將的故鄉……",[]
ご存知でしたか！ 私は右近衛大将オシュトルが弟分、キウルと申します。 僭越ながら、エンナカムイの皇子を務めております。,1,70,1,normal,295692,295866,"ご存知でしたか！
私は右近衛大将オシュトルが弟分、キウルと申します。
僭越ながら、エンナカムイの皇子を務めております。","ご存知でしたか！
私は右近衛大将オシュトルが弟分、キウルと申します。
僭越ながら、エンナカムイの皇子を務めております。",[]
なるほど、皇子様だったか。 うちの娘と仲良くなれそうじゃない。,1,70,1,normal,296133,296225,"なるほど、皇子様だったか。
うちの娘と仲良くなれそうじゃない。","なるほど、皇子様だったか。
うちの娘と仲良くなれそうじゃない。",[]
姉上、一旦ここは僕が援護をします。,1,57,1,normal,296366,296418,姉上、一旦ここは僕が援護をします。,姉上、一旦ここは僕が援護をします。,[]
うむ！ オウギ！！ 背後は私に任せて、奴らを切り刻んでやれ！,1,70,1,normal,296493,296582,"うむ！　オウギ！！
背後は私に任せて、奴らを切り刻んでやれ！","うむ！　オウギ！！
背後は私に任せて、奴らを切り刻んでやれ！",[]
御意。,1,28,1,kanji_term,296716,296726,御意。,御意。,[]
遵命。,1,28,1,kanji_term,296726,296736,遵命。,遵命。,[]
お、この三人が任務で集まるのも珍しいな。,1,60,1,normal,296758,296819,お、この三人が任務で集まるのも珍しいな。,お、この三人が任務で集まるのも珍しいな。,[]
たしかに、でおじゃる！ 酒の席ではよく一緒でおじゃるが♪,1,68,1,normal,296937,297020,"たしかに、でおじゃる！
酒の席ではよく一緒でおじゃるが♪","たしかに、でおじゃる！
酒の席ではよく一緒でおじゃるが♪",[]
的確如此！ 雖然常常一起在酒席上吃飯,1,28,1,kanji_sentence,297020,297079,"的確如此！
雖然常常一起在酒席上吃飯<onpu>","的確如此！
雖然常常一起在酒席上吃飯{{L000}}","[""<onpu>""]"
はっはっは！ 違ぇねぇ！ 今日は俺も参加させてもらうぜ！ そうだ、この任務が終わったら皆で一杯どうだ？,1,70,1,normal,297129,297279,"はっはっは！　違ぇねぇ！
今日は俺も参加させてもらうぜ！
そうだ、この任務が終わったら皆で一杯どうだ？","はっはっは！　違ぇねぇ！
今日は俺も参加させてもらうぜ！
そうだ、この任務が終わったら皆で一杯どうだ？",[]
よし！ じゃあパパっと終わらせるか！ 今日はウコンのおごりだな！,1,70,1,normal,297529,297624,"よし！　じゃあパパっと終わらせるか！
今日はウコンのおごりだな！","よし！　じゃあパパっと終わらせるか！
今日はウコンのおごりだな！",[]
好！那就快點解決掉吧！ 今天由右近請客！,1,30,1,kanji_sentence,297624,297683,"好！那就快點解決掉吧！
今天由右近請客！","好！那就快點解決掉吧！
今天由右近請客！",[]
にょほ～！ 俄然やる気が起きてきたでおじゃるよ～！,1,65,1,normal,297752,297826,"にょほ～！
俄然やる気が起きてきたでおじゃるよ～！","にょほ～！
俄然やる気が起きてきたでおじゃるよ～！",[]
む、今回はオシュトル殿も一緒か。 よろしく頼む。,1,64,1,normal,297911,297982,"む、今回はオシュトル殿も一緒か。
よろしく頼む。","む、今回はオシュトル殿も一緒か。
よろしく頼む。",[]
ムネチカ殿か。 こうして肩を並べることは滅多に無いな。 ともに戦に臨むは、楽しみでもある。,1,70,1,normal,298123,298255,"ムネチカ殿か。
こうして肩を並べることは滅多に無いな。
ともに戦に臨むは、楽しみでもある。","ムネチカ殿か。
こうして肩を並べることは滅多に無いな。
ともに戦に臨むは、楽しみでもある。",[]
小生もだ。 其方の武、しかとこの目に焼き付け、 勉強させて頂く所存。 よろしく頼む。,1,70,1,normal,298508,298631,"小生もだ。
其方の武、しかとこの目に焼き付け、
勉強させて頂く所存。　よろしく頼む。","小生もだ。
其方の武、しかとこの目に焼き付け、
勉強させて頂く所存。　よろしく頼む。",[]
承知した。 では、いざ参ろうか。,1,56,1,normal,298833,298880,"承知した。
では、いざ参ろうか。","承知した。
では、いざ参ろうか。",[]
……ん！？ おいっ！ オシュトル！ なんでお前が参加してるんだよ！,1,70,1,normal,298953,299049,"……ん！？
おいっ！　オシュトル！
なんでお前が参加してるんだよ！","……ん！？
おいっ！　オシュトル！
なんでお前が参加してるんだよ！",[]
……嗯！？ 喂！奧修特爾！ 為什麼你也會參加啊！,1,34,1,kanji_sentence,299049,299118,"……嗯！？
喂！奧修特爾！
為什麼你也會參加啊！","……嗯！？
喂！奧修特爾！
為什麼你也會參加啊！",[]
此度は某も名を連ねることとする故。,1,57,1,normal,299158,299210,此度は某も名を連ねることとする故。,此度は某も名を連ねることとする故。,[]
鄙人這次也打算加入。,1,35,1,kanji_term,299210,299241,鄙人這次也打算加入。,鄙人這次也打算加入。,[]
いや、お前がその格好であまり派手に動けないから、 自分達が隠密をやってるんだろうが！,1,70,1,normal,299276,299401,"いや、お前がその格好であまり派手に動けないから、
自分達が隠密をやってるんだろうが！","いや、お前がその格好であまり派手に動けないから、
自分達が隠密をやってるんだろうが！",[]
フッ……そなたの言うとおりではあるが、 執務ばかりでは腕が鈍るのでな。 少しだけ、某にも働かせて頂こう。,1,70,1,normal,299578,299731,"フッ……そなたの言うとおりではあるが、
執務ばかりでは腕が鈍るのでな。
少しだけ、某にも働かせて頂こう。","フッ……そなたの言うとおりではあるが、
執務ばかりでは腕が鈍るのでな。
少しだけ、某にも働かせて頂こう。",[]
まったく…… まぁ、お前がいてくれたら任務も早く済みそうだしな。 よろしく頼む！,1,70,1,normal,300007,300124,"まったく……
まぁ、お前がいてくれたら任務も早く済みそうだしな。
よろしく頼む！","まったく……
まぁ、お前がいてくれたら任務も早く済みそうだしな。
よろしく頼む！",[]
ネコネ、頑張っているか？,1,52,1,normal,300337,300374,ネコネ、頑張っているか？,ネコネ、頑張っているか？,[]
貓音，妳有在努力嗎？,1,35,1,kanji_term,300374,300405,貓音，妳有在努力嗎？,貓音，妳有在努力嗎？,[]
あ、兄様！ どうしてここにいるですか！？,1,60,1,normal,300431,300490,"あ、兄様！
どうしてここにいるですか！？","あ、兄様！
どうしてここにいるですか！？",[]
たまには妹の勇姿を間近で見ておこうと思ってな。 今日は、よろしく頼むぞ。,1,70,1,normal,300581,300688,"たまには妹の勇姿を間近で見ておこうと思ってな。
今日は、よろしく頼むぞ。","たまには妹の勇姿を間近で見ておこうと思ってな。
今日は、よろしく頼むぞ。",[]
なんか釈然としないのです…… でも終わったら、ちゃんと屋敷に戻るのですよ！ 仕事も溜まっているですから！,1,70,1,normal,300866,301019,"なんか釈然としないのです……
でも終わったら、ちゃんと屋敷に戻るのですよ！
仕事も溜まっているですから！","なんか釈然としないのです……
でも終わったら、ちゃんと屋敷に戻るのですよ！
仕事も溜まっているですから！",[]
雖然我有點無法釋懷…… 不過結束後要乖乖回到宅邸喔！ 工作都堆積如山了！,1,40,1,kanji_sentence,301019,301124,"雖然我有點無法釋懷……
不過結束後要乖乖回到宅邸喔！
工作都堆積如山了！","雖然我有點無法釋懷……
不過結束後要乖乖回到宅邸喔！
工作都堆積如山了！",[]
ハハハッ 承知した。 それでは、参るぞ！,1,60,1,normal,301255,301314,"ハハハッ　承知した。
それでは、参るぞ！","ハハハッ　承知した。
それでは、参るぞ！",[]
キウル、精進しているか？,1,52,1,normal,301395,301432,キウル、精進しているか？,キウル、精進しているか？,[]
あ、兄上！？ いったいどうなさったんですか！？,1,63,1,normal,301493,301561,"あ、兄上！？
いったいどうなさったんですか！？","あ、兄上！？
いったいどうなさったんですか！？",[]
義弟の成長ぶりが気になってな。 たまには某も参加することにした。,1,70,1,normal,301653,301748,"義弟の成長ぶりが気になってな。
たまには某も参加することにした。","義弟の成長ぶりが気になってな。
たまには某も参加することにした。",[]
なるほど……！ では鍛錬の成果、見届けて頂けますか！,1,66,1,normal,301908,301985,"なるほど……！
では鍛錬の成果、見届けて頂けますか！","なるほど……！
では鍛錬の成果、見届けて頂けますか！",[]
原來如此……！ 那就請您確認一下我鍛煉的成果吧！,1,34,1,kanji_sentence,301985,302056,"原來如此……！
那就請您確認一下我鍛煉的成果吧！","原來如此……！
那就請您確認一下我鍛煉的成果吧！",[]
もちろんだ。 某が道を開く。 後に続くがいい。 参るぞ！,1,68,1,normal,302122,302205,"もちろんだ。　某が道を開く。
後に続くがいい。　参るぞ！","もちろんだ。　某が道を開く。
後に続くがいい。　参るぞ！",[]
なぁなぁ、オシュトルは～ん。 うちといっぺんたたこうてくれへん？,1,70,1,normal,302343,302438,"なぁなぁ、オシュトルは～ん。
うちといっぺんたたこうてくれへん？","なぁなぁ、オシュトルは～ん。
うちといっぺんたたこうてくれへん？",[]
アトゥイ殿か。 某も一度手合わせ願いたいものだが、 もし何かあればソヤンケクル殿に合わせる顔がない。 申し訳ないが、また別の機会に。,1,70,1,normal,302575,302770,"アトゥイ殿か。　某も一度手合わせ願いたいものだが、
もし何かあればソヤンケクル殿に合わせる顔がない。
申し訳ないが、また別の機会に。","アトゥイ殿か。　某も一度手合わせ願いたいものだが、
もし何かあればソヤンケクル殿に合わせる顔がない。
申し訳ないが、また別の機会に。",[]
とと様のことは、気にせんでもええのに～…… オシュトルはん程の漢はなかなかおらんから、 いっぺんたたこうてみたいわ～。,1,70,1,normal,303088,303262,"とと様のことは、気にせんでもええのに～……
オシュトルはん程の漢はなかなかおらんから、
いっぺんたたこうてみたいわ～。","とと様のことは、気にせんでもええのに～……
オシュトルはん程の漢はなかなかおらんから、
いっぺんたたこうてみたいわ～。",[]
その気持ちだけでも、ありがたく頂戴しよう。,1,61,1,normal,303533,303597,その気持ちだけでも、ありがたく頂戴しよう。,その気持ちだけでも、ありがたく頂戴しよう。,[]
よっしゃー！ 存分に暴れてやろうぜ！ あんちゃん！,1,65,1,normal,303683,303755,"よっしゃー！
存分に暴れてやろうぜ！
あんちゃん！","よっしゃー！
存分に暴れてやろうぜ！
あんちゃん！",[]
好——！ 要來大鬧一場了！ 小哥！,1,27,1,kanji_sentence,303755,303803,"好——！
要來大鬧一場了！
小哥！","好——！
要來大鬧一場了！
小哥！",[]
いや、自分は大丈夫だ！ ウコンはそのまま頑張ってくれ。,1,67,1,normal,303848,303928,"いや、自分は大丈夫だ！
ウコンはそのまま頑張ってくれ。","いや、自分は大丈夫だ！
ウコンはそのまま頑張ってくれ。",[]
そう言わずによ！ ほら！ そっちに行ったぜ！,1,62,1,normal,304016,304081,"そう言わずによ！
ほら！　そっちに行ったぜ！","そう言わずによ！
ほら！　そっちに行ったぜ！",[]
別這樣講啦！ 你看！敵人往你那裡去了！,1,29,1,kanji_sentence,304081,304137,"別這樣講啦！
你看！敵人往你那裡去了！","別這樣講啦！
你看！敵人往你那裡去了！",[]
うぉっ！！ ウコン！！ 今お前わざと避けただろ！ 危なかったっつーの！,1,70,1,normal,304183,304285,"うぉっ！！　ウコン！！
今お前わざと避けただろ！
危なかったっつーの！","うぉっ！！　ウコン！！
今お前わざと避けただろ！
危なかったっつーの！",[]
嗚喔！！右近！！ 你是故意閃開的吧！ 太危險啦——,1,35,1,kanji_sentence,304285,304357,"嗚喔！！右近！！
你是故意閃開的吧！
太危險啦——","嗚喔！！右近！！
你是故意閃開的吧！
太危險啦——",[]
ハッハッハッハッ！ まったく、アンちゃんといると退屈しねぇぜ！,1,70,1,normal,304435,304527,"ハッハッハッハッ！
まったく、アンちゃんといると退屈しねぇぜ！","ハッハッハッハッ！
まったく、アンちゃんといると退屈しねぇぜ！",[]
哈哈哈哈！ 和小哥在一起真的一點都不無聊呢！,1,32,1,kanji_sentence,304527,304592,"哈哈哈哈！
和小哥在一起真的一點都不無聊呢！","哈哈哈哈！
和小哥在一起真的一點都不無聊呢！",[]
おう！ ネコネ！ 今日はよろしく頼むぜ！,1,60,1,normal,304645,304704,"おう！　ネコネ！
今日はよろしく頼むぜ！","おう！　ネコネ！
今日はよろしく頼むぜ！",[]
喔！貓音！ 今天請多指教啦！,1,39,1,kanji_term,304704,304745,"喔！貓音！
今天請多指教啦！","喔！貓音！
今天請多指教啦！",[]
兄様！？ またそんな格好して…… だらしがないから、もっとしっかりするですよ！,1,70,1,normal,304782,304896,"兄様！？
またそんな格好して……
だらしがないから、もっとしっかりするですよ！","兄様！？
またそんな格好して……
だらしがないから、もっとしっかりするですよ！",[]
ハッハッハッハッ！ まぁ、そういうなって！ 終わったらサっちゃんとこで、 飴細工買ってやるからよ！,1,70,1,normal,305091,305235,"ハッハッハッハッ！　まぁ、そういうなって！
終わったらサっちゃんとこで、
飴細工買ってやるからよ！","ハッハッハッハッ！　まぁ、そういうなって！
終わったらサっちゃんとこで、
飴細工買ってやるからよ！",[]
え！ いいのですか…！？ だったら早く終わらせるのです！ 全力で行くですよ！,1,70,1,normal,305405,305516,"え！　いいのですか…！？
だったら早く終わらせるのです！
全力で行くですよ！","え！　いいのですか…！？
だったら早く終わらせるのです！
全力で行くですよ！",[]
咦！真的嗎……！？ 那就快點解決吧！ 我要全力上了！,1,36,1,kanji_sentence,305516,305591,"咦！真的嗎……！？
那就快點解決吧！
我要全力上了！","咦！真的嗎……！？
那就快點解決吧！
我要全力上了！",[]
おうよ！ 兄妹の力、見せつけてやろうぜ！！,1,61,1,normal,305667,305729,"おうよ！
兄妹の力、見せつけてやろうぜ！！","おうよ！
兄妹の力、見せつけてやろうぜ！！",[]
好！ 就讓他們瞧瞧兄妹的力量！！,1,26,1,kanji_sentence,305729,305776,"好！
就讓他們瞧瞧兄妹的力量！！","好！
就讓他們瞧瞧兄妹的力量！！",[]
おう！ キウル！ アンちゃんのところでしっかりやってるか？,1,69,1,normal,305831,305917,"おう！　キウル！
アンちゃんのところでしっかりやってるか？","おう！　キウル！
アンちゃんのところでしっかりやってるか？",[]
哦！奇羽琉！ 有沒有在小哥那裡好好幹啊？,1,30,1,kanji_sentence,305917,305976,"哦！奇羽琉！
有沒有在小哥那裡好好幹啊？","哦！奇羽琉！
有沒有在小哥那裡好好幹啊？",[]
はい！ 兄上！ 日々精進しております！,1,59,1,normal,306019,306075,"はい！　兄上！
日々精進しております！","はい！　兄上！
日々精進しております！",[]
有！兄長大人！ 我每天都在自我精進！,1,28,1,kanji_sentence,306075,306128,"有！兄長大人！
我每天都在自我精進！","有！兄長大人！
我每天都在自我精進！",[]
そいつは良かった！ 今日は俺も任務に参加させてもらうからよ！ 背中の守り、頼んだぜ！,1,70,1,normal,306193,306316,"そいつは良かった！
今日は俺も任務に参加させてもらうからよ！
背中の守り、頼んだぜ！","そいつは良かった！
今日は俺も任務に参加させてもらうからよ！
背中の守り、頼んだぜ！",[]
那就太好了！ 我今天也會參加任務！ 背後就交給你保護了！,1,38,1,kanji_sentence,306316,306397,"那就太好了！
我今天也會參加任務！
背後就交給你保護了！","那就太好了！
我今天也會參加任務！
背後就交給你保護了！",[]
畏まりました！ 任せて下さい！,1,55,1,normal,306494,306538,"畏まりました！
任せて下さい！","畏まりました！
任せて下さい！",[]
知道了！ 請交給我吧！,1,21,1,kanji_sentence,306538,306570,"知道了！
請交給我吧！","知道了！
請交給我吧！",[]
やべぇ！？ 見つかっちまった！！ さっさと逃げるじゃんよ！！,1,70,1,normal,306597,306686,"やべぇ！？　見つかっちまった！！
さっさと逃げるじゃんよ！！","やべぇ！？　見つかっちまった！！
さっさと逃げるじゃんよ！！",[]
糟糕！？被發現了！！ 得快點逃走！！,1,28,1,kanji_sentence,306686,306739,"糟糕！？被發現了！！
得快點逃走！！","糟糕！？被發現了！！
得快點逃走！！",[]
追いかけてくるんじゃねぇ！！ いい加減にするじゃん！？,1,67,1,normal,306788,306868,"追いかけてくるんじゃねぇ！！
いい加減にするじゃん！？","追いかけてくるんじゃねぇ！！
いい加減にするじゃん！？",[]
不要追過來啊！！ 給我差不多點啊！？,1,28,1,kanji_sentence,306868,306921,"不要追過來啊！！
給我差不多點啊！？","不要追過來啊！！
給我差不多點啊！？",[]
もう許してくれ～！！ 頼む！！ このとおりじゃんよ！！,1,67,1,normal,306981,307061,"もう許してくれ～！！　頼む！！
このとおりじゃんよ！！","もう許してくれ～！！　頼む！！
このとおりじゃんよ！！",[]
よくぞここまでたどり着いた。 ……全力で死合おうぞ！！,1,67,1,normal,307174,307254,"よくぞここまでたどり着いた。
……全力で死合おうぞ！！","よくぞここまでたどり着いた。
……全力で死合おうぞ！！",[]
クククッ…… さぁ！ 貴様の力、見せてみろ！,1,62,1,normal,307389,307454,"クククッ……
さぁ！　貴様の力、見せてみろ！","クククッ……
さぁ！　貴様の力、見せてみろ！",[]
呵呵…… 來！展現出你的力量吧！,1,26,1,kanji_sentence,307454,307501,"呵呵……
來！展現出你的力量吧！","呵呵……
來！展現出你的力量吧！",[]
相手になってやる…… さぁ、死ぬ気でかかってこい！,1,65,1,normal,307555,307629,"相手になってやる……
さぁ、死ぬ気でかかってこい！","相手になってやる……
さぁ、死ぬ気でかかってこい！",[]
我來當你的對手…… 抱著拚死的決心放馬過來吧！,1,33,1,kanji_sentence,307629,307697,"我來當你的對手……
抱著拚死的決心放馬過來吧！","我來當你的對手……
抱著拚死的決心放馬過來吧！",[]
どうしたッ！ まだ足りんぞっ！！,1,56,1,normal,307738,307785,"どうしたッ！
まだ足りんぞっ！！","どうしたッ！
まだ足りんぞっ！！",[]
怎麼了！ 我還沒玩夠啊！！,1,23,1,kanji_sentence,307785,307823,"怎麼了！
我還沒玩夠啊！！","怎麼了！
我還沒玩夠啊！！",[]
クククッ…… 面白い……もっと楽しませろ！！,1,62,1,normal,307869,307934,"クククッ……
面白い……もっと楽しませろ！！","クククッ……
面白い……もっと楽しませろ！！",[]
呵呵呵…… 太有趣了……再讓我開心點啊！！,1,31,1,kanji_sentence,307934,307996,"呵呵呵……
太有趣了……再讓我開心點啊！！","呵呵呵……
太有趣了……再讓我開心點啊！！",[]
クククッ…… 無駄無駄無駄無駄ッ！！,1,58,1,normal,308057,308110,"クククッ……
無駄無駄無駄無駄ッ！！","クククッ……
無駄無駄無駄無駄ッ！！",[]
呵呵呵…… 沒用沒用沒用沒用！！,1,41,1,kanji_term,308110,308157,"呵呵呵……
沒用沒用沒用沒用！！","呵呵呵……
沒用沒用沒用沒用！！",[]
貴様、この俺を本気にさせるとは…… 死ぬ覚悟は出来たか！！,1,69,1,normal,308197,308283,"貴様、この俺を本気にさせるとは……
死ぬ覚悟は出来たか！！","貴様、この俺を本気にさせるとは……
死ぬ覚悟は出来たか！！",[]
你竟然能讓我拿出真本事…… 已經做好赴死的心理準備了嗎！！,1,39,1,kanji_sentence,308283,308369,"你竟然能讓我拿出真本事……
已經做好赴死的心理準備了嗎！！","你竟然能讓我拿出真本事……
已經做好赴死的心理準備了嗎！！",[]
仮面の者の力、 その身に刻めぃ！！,1,57,1,normal,308446,308496,"仮面の者の力、
その身に刻めぃ！！","仮面の者の力、
その身に刻めぃ！！",[]
ククッ……貴様がここまでやるとはな…… いくぞッ！！！,1,67,1,normal,308601,308681,"ククッ……貴様がここまでやるとはな……
いくぞッ！！！","ククッ……貴様がここまでやるとはな……
いくぞッ！！！",[]
呵呵……沒想到你能做到這種程度…… 我要上了！,1,33,1,kanji_sentence,308681,308749,"呵呵……沒想到你能做到這種程度……
我要上了！","呵呵……沒想到你能做到這種程度……
我要上了！",[]
左近衛大将ミカヅチ…… こいつ…マジでヤバイぞ……！！ 一瞬でも気を抜いたら死ぬ……！,1,70,1,normal,308796,308922,"左近衛大将ミカヅチ……
こいつ…マジでヤバイぞ……！！
一瞬でも気を抜いたら死ぬ……！","左近衛大将ミカヅチ……
こいつ…マジでヤバイぞ……！！
一瞬でも気を抜いたら死ぬ……！",[]
この気迫…… さすがとしか言い様がないかな？ ……全力で迎え撃つ！！,1,70,1,normal,309178,309277,"この気迫……
さすがとしか言い様がないかな？
……全力で迎え撃つ！！","この気迫……
さすがとしか言い様がないかな？
……全力で迎え撃つ！！",[]
這個氣魄…… 該說是名不虛傳吧？ ……我會全力迎擊！！,1,37,1,kanji_sentence,309277,309355,"這個氣魄……
該說是名不虛傳吧？
……我會全力迎擊！！","這個氣魄……
該說是名不虛傳吧？
……我會全力迎擊！！",[]
怖いけど…… 頑張ります……！ ココポ、一緒に頑張ろ！,1,67,1,normal,309427,309505,"怖いけど……
頑張ります……！
ココポ、一緒に頑張ろ！","怖いけど……
頑張ります……！
ココポ、一緒に頑張ろ！",[]
コオオォォ！！,1,47,1,normal,309637,309659,コオオォォ！！,コオオォォ！！,[]
咕嚕嚕嚕！！,1,31,1,kanji_term,309659,309678,咕嚕嚕嚕！！,咕嚕嚕嚕！！,[]
うぅ…… こ、怖くないのです…… わ、わたしが相手になってやるのです！！,1,70,1,normal,309699,309804,"うぅ……
こ、怖くないのです……
わ、わたしが相手になってやるのです！！","うぅ……
こ、怖くないのです……
わ、わたしが相手になってやるのです！！",[]
これがミカヅチ様の力…！！ 一瞬でも気が抜けない……！ 兄上、見ていて下さい……！！,1,70,1,normal,309926,310049,"これがミカヅチ様の力…！！
一瞬でも気が抜けない……！
兄上、見ていて下さい……！！","これがミカヅチ様の力…！！
一瞬でも気が抜けない……！
兄上、見ていて下さい……！！",[]
あはははは！！ 最っ高や～！！ ごっつ盛り上がってきたで～♪ 最後まで楽しもうな～！！,1,70,1,normal,310287,310413,"あはははは！！　最っ高や～！！
ごっつ盛り上がってきたで～♪
最後まで楽しもうな～！！","あはははは！！　最っ高や～！！
ごっつ盛り上がってきたで～♪
最後まで楽しもうな～！！",[]
フッ…… この力…出来ればお相手したくないものですが…… 参ります！！,1,70,1,normal,310626,310728,"フッ……
この力…出来ればお相手したくないものですが……
参ります！！","フッ……
この力…出来ればお相手したくないものですが……
参ります！！",[]
哼…… 這股力量……雖然可能的話我不想當你的對手…… 我要上了！！,1,40,1,kanji_sentence,310728,310824,"哼……
這股力量……雖然可能的話我不想當你的對手……
我要上了！！","哼……
這股力量……雖然可能的話我不想當你的對手……
我要上了！！",[]
くっ……！ これ程の相手は久々だぞ！ しかし、いい女とは絶対にひかぬもの！！ こいっ！！,1,70,1,normal,310891,311020,"くっ……！
これ程の相手は久々だぞ！
しかし、いい女とは絶対にひかぬもの！！　こいっ！！","くっ……！
これ程の相手は久々だぞ！
しかし、いい女とは絶対にひかぬもの！！　こいっ！！",[]
唔……！ 已經好久沒遇到這麼難纏的對手了！ 不過好女人絕對不會退縮！！來吧！！,1,40,1,kanji_sentence,311020,311134,"唔……！
已經好久沒遇到這麼難纏的對手了！
不過好女人絕對不會退縮！！來吧！！","唔……！
已經好久沒遇到這麼難纏的對手了！
不過好女人絕對不會退縮！！來吧！！",[]
手加減はしない。,1,48,1,normal,311248,311273,手加減はしない。,手加減はしない。,[]
我們不會放水。,1,32,1,kanji_term,311273,311295,我們不會放水。,我們不會放水。,[]
本気でいきます。,1,48,1,normal,311320,311345,本気でいきます。,本気でいきます。,[]
要認真上了。,1,31,1,kanji_term,311345,311364,要認真上了。,要認真上了。,[]
フッ…… これぞ大一番……ってやつか…… 悪いが、本気で行かせてもらうじゃない！,1,70,1,normal,311398,311515,"フッ……
これぞ大一番……ってやつか……
悪いが、本気で行かせてもらうじゃない！","フッ……
これぞ大一番……ってやつか……
悪いが、本気で行かせてもらうじゃない！",[]
ひぃ～！！ ミカヅチ殿～！！ 堪忍！！ 堪忍でおじゃるぅ～～！！,1,70,1,normal,311686,311781,"ひぃ～！！　ミカヅチ殿～！！
堪忍！！　堪忍でおじゃるぅ～～！！","ひぃ～！！　ミカヅチ殿～！！
堪忍！！　堪忍でおじゃるぅ～～！！",[]
おう、サっちゃん！ 久々に手合わせしてみっか！ ……最初っから、本気で行かせてもらうぜ！！,1,70,1,normal,311918,312050,"おう、サっちゃん！
久々に手合わせしてみっか！
……最初っから、本気で行かせてもらうぜ！！","おう、サっちゃん！
久々に手合わせしてみっか！
……最初っから、本気で行かせてもらうぜ！！",[]
ミカヅチ殿……こんなところで相まみえるとは…… 左近衛大将の実力、このムネチカが然と見極めよう！ いざ、参る！！,1,70,1,normal,312235,312400,"ミカヅチ殿……こんなところで相まみえるとは……
左近衛大将の実力、このムネチカが然と見極めよう！
いざ、参る！！","ミカヅチ殿……こんなところで相まみえるとは……
左近衛大将の実力、このムネチカが然と見極めよう！
いざ、参る！！",[]
御雷大人……竟然會在這裡遇見你…… 就讓在下宗近好好看看左近衛大將的實力吧！ 要上了！！,1,40,1,kanji_sentence,312400,312529,"御雷大人……竟然會在這裡遇見你……
就讓在下宗近好好看看左近衛大將的實力吧！
要上了！！","御雷大人……竟然會在這裡遇見你……
就讓在下宗近好好看看左近衛大將的實力吧！
要上了！！",[]
ミカヅチ殿、これでいく度目の手合わせか…… いつになく凄まじい気迫だ。 某、此度の戦いも負けられはせぬ！ いざ参れ！！,1,70,1,normal,312652,312826,"ミカヅチ殿、これでいく度目の手合わせか……
いつになく凄まじい気迫だ。
某、此度の戦いも負けられはせぬ！　いざ参れ！！","ミカヅチ殿、これでいく度目の手合わせか……
いつになく凄まじい気迫だ。
某、此度の戦いも負けられはせぬ！　いざ参れ！！",[]
