start_offset_hex,start_offset_dec,byte_budget,ref_count,ja,locks,kr
0xD0,208,3,10, [,[],
0xF4,244,4,5,}l,[],
0x288,648,3,2,],[],
0x2C4,708,3,1,",",[],
0x2D4,724,3,3,],[],
0x35C,860,3,3,", ",[],
0x370,880,3,1,K!,[],
0x39C,924,3,2,"s""",[],
0x438,1080,3,1,(,[],
0x43C,1084,3,1,U(,[],
0x450,1104,3,1,),[],
0x460,1120,3,1,[),[],
0x4A0,1184,3,1,",",[],
0x4A4,1188,3,1,",",[],
0x4CC,1228,3,1,"r,",[],
0x504,1284,3,1,0.,[],
0x690,1680,3,2,[4,[],
0x720,1824,3,1,.6,[],
0x878,2168,3,2,	:,[],
0x88C,2188,3,1,F:,[],
0x8A0,2208,3,2,S:,[],
0x8DC,2268,3,2,1;,[],
0x8E8,2280,3,1,3;,[],
0x8FC,2300,3,2,v;,[],
0x990,2448,3,2,:>,[],
0x9E0,2528,3,1,%?,[],
0x9EC,2540,3,1,'?,[],
0x9F0,2544,3,1,j?,[],
0xA00,2560,3,1296,m?,[],
0xA14,2580,3,1,}?,[],
0xA7C,2684,3,1,!A,[],
0xD18,3352,7,1,\(VxPR,[],
0xDE0,3552,7,2,Rr(GrU,[],
0xF54,3924,3,3,",Z",[],
0xFAC,4012,104,1052,"どことも知れぬ雪の荒野。
そこを彷徨うは、名も記憶も失った一人の青年。",[],
0x1014,4116,89,9,"在不知為何處的積雪荒野，
一位失去名字和記憶的青年徬徨於此。",[],
0x106D,4205,92,6,"A young man with no memory of his name or his past
wanders an unfamiliar snowy wasteland...",[],
0x10C9,4297,161,137,"得体の知れない怪物に襲われ、あわや絶体絶命というその時、
彼を救ったのは獣の特徴を持つ少女、クオンであった。",[],
0x116A,4458,110,23,"他被來路不明的怪物襲擊，在千鈞一髮之際，
擁有野獸特徵的少女久遠出手相救。",[],
0x11D8,4568,128,171,"Just as he's about to give in after being attacked
by a strange monster, a girl named Kuon,
wielding inhuman powers, saves him.",[],
0x1258,4696,116,23,"保護された青年は『ハク』という名を与えられ、
クオンと共に旅をすることとなる。",[],
0x12CC,4812,86,435,"受到保護的青年，被取名為「哈克」，
他和久遠一起踏上旅途。",[],
0x1322,4898,79,14,"She gives him the name Haku and the
two of them set off on a journey together.",[],
0x1371,4977,106,16,立ち寄った山里の<旅籠屋:はたごや>でハクを待っていたのは新たなる出会い。,"[""<旅籠屋:はたごや>""]",
0x13DB,5083,61,418,在落腳的山村旅店中等待哈克的是新的邂逅。,[],
0x1418,5144,79,17,"Awaiting them at the nearby mountain village
are more new encounters for Haku.",[],
0x1467,5223,173,673,"義侠者共の頭領ウコン、大國ヤマトの貴人であるマロロ。
彼らと意気投合したハクは、ギギリと呼ばれる害蟲駆除に参加する。",[],
0x1514,5396,137,25,"俠義人士的首領右近，大國大和的貴族麻呂呂。
哈克和他們意氣相投，參加了驅逐害蟲奇奇利的行動。",[],
0x159D,5533,209,1843,"There, Haku meets Ukon,
the head of a chivalrous group,
and Maroro, an aristocrat from the great
country of Yamato. Becoming fast friends,
he joins them on their journey to slay
insect monsters called gigiri.",[],
0x166E,5742,194,2273,"ちょっと行って蟲を潰すだけの美味い儲け話に意気揚がる面々。
だが……それとは裏腹に、ハクはどこか言い知れぬ違和感を覚えていた#@－－#","[""#@－－#""]",
0x1730,5936,152,21,"每個人都在為只要擊退蟲子便能輕鬆賺錢的工作意氣昂揚。
不過……哈克卻和他們相反，感受到某種異樣感#@－－#","[""#@－－#""]",
0x17C8,6088,111,228,"Going out to squash some bugs seems
like a simple enough job. And yet...
Haku feels a strange sense of unease.",[],
0x1837,6199,65,12,"テメェ等、配置についたな？
そろそろ来るぜ。",[],
0x1878,6264,52,10,你們已經準備好了嗎？差不多要來了。,[],
0x18AC,6316,50,9,"Everyone in position?
They should be coming soon.",[],
0x18DE,6366,16,5,うぃッス！,[],
0x18FA,6394,58,84,マロロ、具合の方はもう問題ねぇんだな？,[],
0x1934,6452,40,9,麻呂呂，身體已經恢復了吧？,[],
0x195C,6492,28,8,"Maroro, you all sobered up?",[],
0x1978,6520,131,47,"にょほほほ、心配かけてしまったでおじゃるな。
この通り、気分爽快、完全復活でおじゃるよ。",[],
0x19FB,6651,106,320,喔呵呵，讓你們擔心了。就像你們看到的，麻呂通體舒暢，已經完全復活是也。,[],
0x1A65,6757,111,41,"Yo ho ho HO! Pray forgive my lapse,
Master Ukon. Witness thou my
countenance and know Maroro standeth renew'd!",[],
0x1AD4,6868,40,16,我が秘術、とくと御覧あれ。,[],
0x1AFC,6908,37,317,就好好觀賞麻呂的秘術吧。,[],
0x1B21,6945,63,21,"Behold now my puissance! My command
over the mysteries arcane!",[],
0x1B60,7008,116,33,"一応、納得はしたが……
あんなのとやり合うなんて、ホントに大丈夫なんだろうな？",[],
0x1BD4,7124,88,230,雖然我能接受這個狀況……不過要對上那種東西，真的不要緊吧？,[],
0x1C2C,7212,93,22,"I was convinced before, but...
Are we really gonna be OK
going up against a swarm of gigiri?",[],
0x1C89,7305,64,13,ハクって、好きな食べ物が何か……覚えてる？,[],
0x1CCC,7372,13,3,……は？,[],
0x1CDC,7388,19,3,好きな食べ物,[],
0x1CF2,7410,34,53,いや、いきなりなんだ？,[],
0x1D17,7447,70,6,帰ったら、ハクが好きなモノを食べさせて上げる。,[],
0x1D60,7520,28,1,だから、大丈夫かな,[],
0x1D7F,7551,85,7,ソレの何が大丈夫なのか判らないが……クオンなりの気遣いか,[],
0x1DD7,7639,55,2541,これ以上情けない所は見せられんな……,[],
0x1E11,7697,34,4,お二人さん、来るぜッ。,[],
0x1E33,7731,25,2,你們注意，來了。,[],
0x1E4C,7756,30,3,"Hey, you two. They're coming.",[],
0x1E6A,7786,19,1,…………ん？,[],
0x1E7D,7805,19,2,…………嗯？,[],
0x1E90,7824,8,1,...Huh?,[],
0x1E98,7832,37,3,おお、けっこうデケエな。,[],
0x1EBD,7869,28,2,哦哦，還真大隻呢。,[],
0x1ED9,7897,38,4,Whoa. They're bigger than I expected.,[],
0x1EFF,7935,13,65,んんん？,[],
0x1F0C,7948,13,1,嗯嗯嗯？,[],
0x1F1D,7965,19,1,デカ……イ？,[],
0x1F30,7984,16,1,大……隻？,[],
0x1F40,8000,11,3,Big...ger?,[],
0x1F4B,8011,67,3,いや、何か小さい……っていうか、小さすぎる。,[],
0x1F8E,8078,52,3,不，總覺得很小……不對，太小了吧。,[],
0x1FC2,8130,47,5,"N-No, those are... small?
Like, way too small.",[],
0x1FF1,8177,28,181,うへェ、スゲェ数。,[],
0x200D,8205,25,2,糟糕，數量真多。,[],
0x2026,8230,36,3,"Yeesh, there sure are a lot of 'em.",[],
0x204A,8266,95,6,"デケェなオイ。
確かに、あんなのに咬まれたらタダじゃすまねぇわ。",[],
0x20A9,8361,64,6,還真大隻啊。被那種東西咬到可不是鬧著玩的。,[],
0x20E9,8425,99,51,"Watch out for the big one. Anyone who
gets bitten by that isn't getting off easy,
that's for sure.",[],
0x214C,8524,119,14,"いや、デカイって、あれがか？
自分が見たのはもっと、比べ物にならないぐらい#@－－#","[""#@－－#""]",
0x21C3,8643,76,65,不，那東西很大隻？和我之前遇到的完全不能比啊#@－－#,"[""#@－－#""]",
0x220F,8719,92,11,"Wait, that's considered ""big""?
But it doesn't even hold a candle to
the one that I#@－－#","[""#@－－#""]",
0x226B,8811,31,3,かかったぜ、マロロ！,[],
0x228A,8842,22,3,麻呂呂，上吧！,[],
0x22A0,8864,37,3,"They're falling for it! Now, Maroro!",[],
0x22C5,8901,34,4,任されたでおじゃるよ。,[],
0x22E7,8935,22,5,交給麻呂是也。,[],
0x22FD,8957,34,44,Thou mayst place thy trust in me!,[],
0x231F,8991,116,19,"マロロは胸を張って一歩前へ出ると、
体をよじりながら何やらブツブツ言い出した。",[],
0x2393,9107,82,12,麻呂呂挺起胸膛向前踏出一步，邊扭動身體，同時喃喃自語。,[],
0x23E5,9189,90,67,"Maroro steps forward, puffing his chest
proudly, and begins to wiggle his body
strangely.",[],
0x243F,9279,125,23,"オンポコポコ、オンコロコロ、ポタナンパサラン、
サンミャクサンポタヤ、ホイサッサ……",[],
0x24BC,9404,100,60,翁波可波可，翁可羅可羅，波塔納帕沙朗，沙麥可沙波塔亞，后伊沙沙……,[],
0x2520,9504,76,14,"Onpokopoko, onkorokoro, potananpasaran,
sanmyakusanpotaya, hoisassaaaa...!!",[],
0x256C,9580,34,7,…………なあ、クオン。,[],
0x258E,9614,31,4,…………我說，久遠。,[],
0x25AD,9645,18,3,"...Hey, uh, Kuon.",[],
0x25BF,9663,25,5,どうしたのかな？,[],
0x25D8,9688,13,2,怎麼了？,[],
0x25E5,9701,25,2,Is something the matter?,[],
0x25FE,9726,40,46,何だ、あの不気味な踊りは。,[],
0x2626,9766,40,7,那個詭異的舞蹈是怎麼回事。,[],
0x264E,9806,42,8,"What's he, uh... doing? That weird dance?",[],
0x2678,9848,131,21,"不気味な踊り？　ああ、あれは踊りではなく術法……
あ、こちらでは呪法って言われてるかな。",[],
0x26FB,9979,103,47,詭異的舞蹈？啊，那不是在跳舞，而是在施術法……啊，這一帶叫做咒法吧。,[],
0x2762,10082,93,11,"...Dance...? You mean thaumaturgy?
Oh, but it's better known as magecraft
out here, I think.",[],
0x27BF,10175,10,3,呪法？,[],
0x27D3,10195,11,2,Magecraft?,[],
0x27DE,10206,104,70,"印を結び、想念を力に変えるの。
比較的、弱くて根暗な人に向いてるかな。",[],
0x2846,10310,110,12,"就是透過結印，將念力轉為力量的術法。
相較之下，更適合弱小且陰暗的人使用。",[],
0x28B4,10420,120,66,"They make signs with their bodies and
fingers to channel power. This type is
usually most potent for the weak-willed...",[],
0x292C,10540,73,12,う…、マロの繊細な心はグサッときたでおじゃるよ。,[],
0x2975,10613,55,9,嗚……麻呂纖細的心靈受到打擊了是也。,[],
0x29AC,10668,82,17,"Alack! Thy words are as a blade between
Maroro's ribs savagely thrust, fair lady.",[],
0x29FE,10750,61,61,ネェちゃん、何気に<辛辣:しんらつ>だな……,"[""<辛辣:しんらつ>""]",
0x2A3B,10811,34,5,小姐妳還真不留情啊……,[],
0x2A5D,10845,30,4,"That WAS pretty harsh, missy.",[],
0x2A7B,10875,149,56,"そう言えば、最初にマロロが何かするって言ってたが、この事か。
コイツがすることだからと聞き流してた。",[],
0x2B10,11024,137,14,"話說回來，一開始好像有提到要讓麻呂呂做什麼，原來是這回事
嗎。因為是他的事，我沒有認真在聽。",[],
0x2B99,11161,101,9,"Come to think of it, what was it that
Maroro was supposed to do, again?
I wasn't paying attention...",[],
0x2BFE,11262,43,55,いや、そんなことより、呪法？,[],
0x2C29,11305,40,4,不，比起這種事，她說咒法？,[],
0x2C51,11345,17,1,"Wait, MAGEcraft?",[],
0x2C62,11362,70,7,まさかそんな魔法みたいなことが出来るはずが……,[],
0x2CA8,11432,52,7,怎麼可能辦到那種像魔法一樣的事……,[],
0x2CDC,11484,42,259,Like magic? There's no way he can just...,[],
0x2D06,11526,34,5,にょほぉ#@－－#んっ！！,"[""#@－－#""]",
0x2D28,11560,16,2,喔呵#@－－#,"[""#@－－#""]",
0x2D38,11576,10,1,NyoHOOO!!,[],
0x2D42,11586,10,1,な……,[],
0x2D4C,11596,10,1,什……,[],
0x2D56,11606,7,1,Wha...,[],
0x2D5D,11613,34,3,よっしゃ、よくやった！,[],
0x2D7F,11647,19,3,好，幹得好！,[],
0x2D92,11666,15,1,Ha! Well done!,[],
0x2DA1,11681,82,9,あ、後は任せたでおじゃる。もうヘトヘトでおじゃるよ……,[],
0x2DF3,11763,80,327,"啊，之後就交給你們了。
麻呂已經累到站不起來了是也……",[],
0x2E43,11843,104,13,"Th-The rest, o friends, allies, my beleaguered soul
leaveth unto you. This labor hath sapped my spirit.",[],
0x2EAB,11947,37,4,本当に……魔法だと……？,[],
0x2ED0,11984,37,3,居然真的是……魔法……？,[],
0x2EF5,12021,21,469,Magic... is real...?,[],
0x2F0A,12042,70,6,テメェ等、残りのヤツを片付けるぞ！　続けぇ！！,[],
0x2F50,12112,62,2,"你們要把剩下的傢伙給解決掉哦！
接著上！！",[],
0x2F8E,12174,61,7,"To arms, men! On me! Let's clean up the
rest of these pests!",[],
0x2FCB,12235,46,6,うぉぉぉぉぉぉぉぉぉぉぉッ！！,[],
0x2FF9,12281,37,164,嗚哦哦哦哦哦哦哦哦哦！！,[],
0x301E,12318,15,2,HRRAAAAAHHHH!!,[],
0x302D,12333,58,40,それじゃあ、<私:わたくし>達も行こっか。,"[""<私:わたくし>""]",
0x3067,12391,25,3,那麼我們也上吧。,[],
0x3080,12416,19,2,"We should go, too.",[],
0x3093,12435,19,3,あ、ああ……,[],
0x30A6,12454,16,1,啊，好……,[],
0x30B6,12470,15,1,A-All right...,[],
0x30C5,12485,82,94,ええい、いろいろとツッコミたいが、今はこっちに集中だ。,[],
0x3117,12567,67,11,唉，雖然有許多想吐槽的地方，現在先集中精神。,[],
0x315A,12634,100,12,"Ugh. There's so much information to unpack
here, but I guess there are more important
things first.",[],
0x31BE,12734,46,6,ハッ、ハァ、ハァ、ハァ#@－－#！,"[""#@－－#""]",
0x31EF,12783,40,484,やるじゃねぇの、アンちゃん,[],
0x321A,12826,52,14,ハァ、ハァ……ゼェ、そ、そうか……,[],
0x3251,12881,37,4,な、何とか……なった……,[],
0x3279,12921,91,10,ま、ヘトヘトみてぇだし、後は俺達に任せてアンちゃんは休んでな,[],
0x32D7,13015,91,174,こういったのは初めてだったんだろ？　そのくれえは多目に見るさ,[],
0x3335,13109,130,15,よォし……テメェ等、仕留めた獲物を回収するぞ！　大事な金ヅルだ、取り残すんじゃねぇぞ！,[],
0x33BA,13242,22,2,ウィ～ッス！！,[],
0x33D3,13267,70,88,ウコンの号令に、笑い声を含みつつ男達が応える。,[],
0x341C,13340,145,16,やれやれ、犠牲者どころか、大きな怪我を負ったヤツもいないようだ。さすがは手練れ揃いというところか,[],
0x34B0,13488,28,2,ハク、左腕を見せて,[],
0x34CF,13519,7,1,ん？,[],
0x34D9,13529,67,236,側に来ていたクオンが、そっと手を取ってくる。,[],
0x351F,13599,22,3,<痛:ツ>ゥ……？,"[""<痛:ツ>""]",
0x3538,13624,64,4,いつの間にか二の腕を浅く切り裂かれていた。,[],
0x357B,13691,148,57,牙がかすったか、どこかに引っかけたのか、痛みがなかったのでクオンに手を取られるまで気付かなかった。,[],
0x3612,13842,19,2,そのまま、ね,[],
0x3628,13864,106,13,するとクオンは躊躇う事無く傷口に唇をあて、そこから血を吸い出し始めた。,[],
0x3695,13973,25,4,んく……ペッ……,[],
0x36B1,14001,34,1,んな━━！？　何を……,[],
0x36D6,14038,67,166,毒が入り込んだかもしれないから。念のためだよ,[],
0x371C,14108,34,6,いや、何もそこまで……,[],
0x3751,14161,91,6,チラリと、クオンと目が合う。気のせいか、その目が笑っている。,[],
0x37AF,14255,34,2,何だこのイヤな予感……,[],
0x37D4,14292,82,39,ヂュゥゥゥゥゥゥゥゥゥゥゥゥゥゥゥゥゥゥゥゥゥゥ#@－－#,"[""#@－－#""]",
0x3829,14377,37,3,いだだだだだだだだッ！？,[],
0x3861,14433,76,6,あはは、男子たるもの、この位で声を上げては駄目だよ,[],
0x38B0,14512,43,2,おま……今の絶対にわざとだろ,[],
0x38DE,14558,130,39,そんな批難を他所に、クオンは手慣れた手付きで傷口に軟膏を塗りつけ、布で巻き付けていく。,[],
0x3963,14691,46,2,ハイ、お終い。これで大丈夫かな,[],
0x3994,14740,16,1,いッ#@－－#,"[""#@－－#""]",
0x39A7,14759,70,5,そしてトドメとばかりに、そこを軽く叩いてきた。,[],
0x39FD,14845,79,30,文句を言ってやりたいが、クオンの笑顔にその気も失せた,[],
0x3A4F,14927,76,6,笑顔にはこちらが無事だった安堵がこもっていたから。,[],
0x3A9E,15006,25,1,そうだ、コイツを,[],
0x3ABA,15034,61,3,戦いの前に借りた鉄扇をクオンに差し出す。,[],
0x3AFA,15098,46,24,おかげで助かった、ありがとうな,[],
0x3B2B,15147,58,4,……いいよ。それはまだ、ハクが持ってて,[],
0x3B75,15221,85,6,何も持ってないと不便だろうし、もう少しハクに預けておくね,[],
0x3BCD,15309,46,2,いいのか？　大切な物なんだろう,[],
0x3BFE,15358,82,441,うん、とっても大切なものかな。とっても、とってもね……,[],
0x3C53,15443,64,4,そこまでなのか？　そんなものを何でまた……,[],
0x3C96,15510,76,5,今はハクが必要としているから。だからハクが持ってて,[],
0x3CE5,15589,76,68,……そうか。そこまで言うなら、ありがたく借りとくよ,[],
0x3D34,15668,79,5,うん。貸すだけだから、何時かちゃんと返してもらうから,[],
0x3D86,15750,79,4,ハク殿ハク殿、マロの呪法を見てくれたでおじゃるか！？,[],
0x3DE5,15845,106,26,マロの呪法にかかれば、あんなギギリなんてチョチョイのチョイでおじゃるよ,[],
0x3E52,15954,160,22,介抱したせいか、妙に懐かれたな。この男に別に<含:ふく>むものは無いが、こうも纏わり付かれると少々うっとうしい,"[""<含:ふく>""]",
0x3EF5,16117,100,34,どうでぃ、アンちゃん。やけに不安がってたが、大したこと無かったろ？,[],
0x3F5C,16220,58,8,指示を終えたウコンが、声を掛けてきた。,[],
0x3F99,16281,79,9,そうだぜ、ついコッチまで不安になっちまったじゃねぇか,[],
0x3FEB,16363,40,143,「「ワハハハハハ#@－－#」」,"[""#@－－#""]",
0x4016,16406,46,5,男達から一斉に笑い声が上がる。,[],
0x4047,16455,67,8,いや、あれは……何て言うか、勘違いというかな,[],
0x408D,16525,13,2,勘違い？,[],
0x409D,16541,130,119,少し前に、アレよりもっともっとデカイ奴に襲われたんだ。まぁ、その時は間一髪で助かったが,[],
0x4122,16674,55,6,つい、その巨大なヤツだと勘違いしてな,[],
0x415C,16732,91,10,こんなヤツ等だと知ってたら、ここまで慎重にはならかった#@－－#,"[""#@－－#""]",
0x41BA,16826,52,5,……ん？　何か急に空気が変わった？,[],
0x41F1,16881,25,18,……何……だと？,[],
0x420D,16909,52,8,今……もっと巨大なヤツと言ったか？,[],
0x4244,16964,76,10,あ、ああ、同じような外見でもっと巨大なヤツだが……,[],
0x4293,17043,73,9,もしかして、胴が甲羅の様に硬そうじゃなかったか？,[],
0x42DF,17119,19,2,そうだな……,[],
0x42F5,17141,124,32,そう言われれば胴体は全体的に黒く光っていたような？　うん、いかにも硬そうに見えたな,[],
0x4374,17268,64,6,あと、もっと角は長かった気がしたんだがなぁ,[],
0x43B7,17335,49,5,オイ！　だとしたらヤベエぞ#@－－#,"[""#@－－#""]",
0x43EB,17387,34,23,ああ、こんな感じの……,[],
0x4410,17424,10,1,おろ？,[],
0x441D,17437,64,6,キヒィィィィィィィィィィィィィィィィィ！？,[],
0x445D,17501,55,7,噫呀啊啊啊啊啊啊啊啊啊啊啊啊啊啊！？,[],
0x4494,17556,16,1,HYEEEEEEEEEEE!?,[],
0x44A4,17572,165,44,"突然のことだった。
藪の中から巨大な何かが飛び出し、
近くにいた男の前で巨大な<鋏:ハサミ>のようなモノが交差する。","[""<鋏:ハサミ>""]",
0x4549,17737,139,17,所有事都發生在一瞬間。從草叢中突然竄出某種巨大的東西，落在附近的男人面前，巨大剪刀相互交叉。,[],
0x45D4,17876,105,74,"Then, it happens before I can blink.
A massive shape bursts from the
bushes, scything toward us#@－－#","[""#@－－#""]",
0x463D,17981,88,10,動くことも、声を掛ける間も無く、ナニカが宙に舞い上がった。,[],
0x4695,18069,76,10,沒有動作，甚至來不及叫喚，有什麼東西飛到了半空中。,[],
0x46E1,18145,103,26,"There isn't any time to react as it blurs
past a man nearby, sending something
flying up into the air.",[],
0x4748,18248,79,10,ぅ……うわぁぁぁぁぁぁぁぁぁぁぁぁぁぁぁぁぁぁッ！！,[],
0x4797,18327,70,7,嗚……嗚哇啊啊啊啊啊啊啊啊啊啊啊啊啊啊啊啊！！,[],
0x47DD,18397,23,2,AH#@－－#UAAAAAAHH!!,"[""#@－－#""]",
0x47F4,18420,13,17,何だ……,[],
0x4801,18433,13,1,什麼……,[],
0x480E,18446,18,2,What the#@－－#,"[""#@－－#""]",
0x4820,18464,43,4,うわっ、小さいのも来るぞ！！,[],
0x484B,18507,37,3,嗚哇，小隻的也過來了！！,[],
0x4870,18544,45,4,"Gah!
There are more little ones coming, too!",[],
0x489D,18589,31,2,何が起こっている……,[],
0x48BC,18620,25,2,發生什麼事了……,[],
0x48D5,18645,18,1,What's happening?,[],
0x48E7,18663,89,21,"距離を取れ！
体勢を立て直してから、全員で一斉にかかるぞ！！",[],
0x4940,18752,52,5,拉開距離！重整架式，全員一起上！！,[],
0x4974,18804,80,9,"Keep your distance! Fall back and
regroup#@－－#
we'll attack it all at once!","[""#@－－#""]",
0x49C4,18884,64,25,ウコンの号令に、何人かの男達が武器を取る。,[],
0x4A04,18948,58,7,聽到右近的命令後，有幾個男人拿起武器。,[],
0x4A3E,19006,60,7,"Several of the men nearby take up arms
at Ukon's command...",[],
0x4A7A,19066,83,10,"だが#@－－#、
辺りから次から次へとギギリが這いでてきた。","[""#@－－#""]",
0x4ACD,19149,61,292,不過#@－－#奇奇利卻從一旁接連不斷湧過來。,"[""#@－－#""]",
0x4B0A,19210,94,8,"But more and more gigiri swarm out of
the shadows nearby, pouring forth in
a ceaseless horde.",[],
0x4B68,19304,67,4,き、気をつけろ、コイツ等#@－－#ガァァァッ！？,"[""#@－－#""]",
0x4BAB,19371,58,3,小、小心點，牠們來了啊#@－－#啊啊啊！？,"[""#@－－#""]",
0x4BE5,19429,41,491,"B-Be careful, they're#@－－#GYAAAAHH!!","[""#@－－#""]",
0x4C0E,19470,95,5,"<皆:みんな>が武器を構える余裕もなく、
追い回され、襲われていく。","[""<皆:みんな>""]",
0x4C6D,19565,82,5,大家連拿起武器的時間都沒有，就被四處追著跑，受到襲擊。,[],
0x4CBF,19647,88,20,"Before anyone can ready their weapons,
the gigiri lay into Ukon's men with
a vengeance.",[],
0x4D17,19735,13,1,ハク！！,[],
0x4D24,19748,13,1,哈克！！,[],
0x4D37,19767,13,1,ッ#@－－#,"[""#@－－#""]",
0x4D51,19793,14,1,Hngh#@－－#,"[""#@－－#""]",
0x4D5F,19807,28,1,悪い、助かった……,[],
0x4D7B,19835,25,2,抱歉，得救了……,[],
0x4D94,19860,30,2,Thanks. You're a lifesaver...,[],
0x4DB2,19890,115,21,ハァ……道理で話が噛み合わないと思った。ハクが言ってたのはアレだったんだ……,[],
0x4E25,20005,94,5,唉……我還在想彼此的想法有點對不上。哈克原來是指那種生物啊……,[],
0x4E83,20099,92,5,"Nnhh. No wonder I thought our stories weren't
meshing. You were talking about this thing...",[],
0x4EDF,20191,64,16,こいつは、もしかしなくてもマズイ……のか？,[],
0x4F1F,20255,37,2,這傢伙應該……很不妙吧？,[],
0x4F44,20292,26,2,"This is... bad, isn't it?",[],
0x4F5E,20318,34,2,でりゃあああああッ！！,[],
0x4F80,20352,31,2,吃我一擊啊啊啊啊！！,[],
0x4FAC,20396,129,52,"テメェ等、一旦退くぞっ！！
まだ無事な奴は、動けない奴を担いで逃げろ！！
今すぐにだ！！",[],
0x502D,20525,95,8,"你們先退下！！沒事的人趕快帶著無法動彈的人逃走！！
馬上逃離！！",[],
0x508C,20620,59,4,"Fall back!
Carry the wounded if you can still stand!
MOVE!",[],
0x50C7,20679,46,3,二人とも何してる、早く逃げろ！,[],
0x50F5,20725,37,18,你們倆在幹嘛，快點逃啊！,[],
0x511A,20762,68,3,"You two! What are you doing, standing there like
that!? Get moving!",[],
0x515E,20830,22,2,あ、ああ#@－－#,"[""#@－－#""]",
0x5174,20852,19,1,啊，好#@－－#,"[""#@－－#""]",
0x5187,20871,16,1,Y-Yeah#@－－#,"[""#@－－#""]",
0x51A7,20903,16,1,嗚……哦？,[],
0x51B7,20919,10,1,I... huh?,[],
0x51C1,20929,52,3,ひ……ひ……はひ……はひぃぃぃ……,[],
0x51F5,20981,43,15,噫……噫……嗚嗚……噫噫……,[],
0x5220,21024,31,2,Bwuh... hyee... hyeeeeeee...!!,[],
0x523F,21055,85,5,…………なっ！？　オイ、なに人の足にしがみついてんだ！！,[],
0x5294,21140,67,3,…………什麼！？喂，你怎麼抱著別人的腳啊！！,[],
0x52D7,21207,50,17,Wh#@－－#What are you clinging to my legs for!?,"[""#@－－#""]",
0x5309,21257,37,2,あわわ……あわわわわ……,[],
0x532E,21294,40,2,嗚哇哇……哇啊啊啊啊啊……,[],
0x5356,21334,26,1,Aaaahh#@－－#awawawah!!,"[""#@－－#""]",
0x5370,21360,100,6,う、動けん！？　何してる、はやく自分の足で立て！　逃げられんだろ！,[],
0x53D7,21463,100,21,むむむむ無理でおぢゃる、腰が抜けて動けないでおじゃるよ#@～～～#ッ！,[],
0x543E,21566,94,5,こっちはお前がしがみついてるから動けないんだ！　いいから立て！,[],
0x549F,21663,118,17,いいいイヤでおじゃる、願いでおじゃる、置いてかないでほしいでおじゃるぅぅぅ！！,[],
0x55D8,21976,64,12,どう見たらこれが遊んでるようにみえるんだ！,[],
0x56F9,22265,25,11,クオンだけなら？,[],
0x5778,22392,79,2,オォイ、まさか見捨てて逃げるとか言わないだろうな！？,[],
0x57CA,22474,109,11,あはは、大丈夫だよ。このくらいで見捨てるのなら、とっくに見限ってたってば,[],
0x5890,22672,58,1,ちっ、しょうがねぇ。気は進まねぇが……,[],
0x58CD,22733,172,11,アンちゃん、ネェちゃん、少し頼みがある。ここは俺がなんとかするから、他の連中を率いて、できるだけ遠くに離れてくれ。,[],
0x59C0,22976,82,32,最期の一つだったから、なるべく温存しておきたかったけど,[],
0x5AEA,23274,34,14,そうか、閃光弾か#@－－#,"[""#@－－#""]",
0x5BC9,23497,67,12,ほぎゃ#@ーーー#ッ、目がっ、目が#@ーーー#っ！？,[],
0x6000,24576,3,19,b!,[],
0x6010,24592,3,1," """,[],
0x602C,24620,158,9,"命からがら逃げてきたハクたち。
安堵するも束の間、蟲を引き連れたボロギギリが、血の匂いをたどり追ってきた。",[],
0x60CA,24778,116,19,"哈克等人好不容易逃生。
未能安心多久，巨奇利就帶著蟲群，循著血的味道追了上來。",[],
0x613E,24894,171,10,"Haku and the others have barely escaped alive,
but before they can so much as catch their breath,
the Boro-Gigiri and its legion of bugs catch on
to the scent of blood…",[],
0x61E9,25065,155,21,"このままでは、蟲達を里まで誘き寄せてしまう。
それを防ぐには、何としてもここで食い止めねばならなかった。",[],
0x6284,25220,122,7,"這樣下去，就會將蟲群引入村子。
為了避免這種慘劇，無論如何都得在這裡阻止牠們才行。",[],
0x62FE,25342,130,17,"At this rate, they'll only lead the bugs back to the village.
To prevent that, they try anything they can to hold
the enemy back.",[],
0x6380,25472,125,7,"そこでハクは、クオン、ウコンと分かれ、
怯えるマロロと共にボロギギリを待ち伏せする。",[],
0x63FD,25597,98,150,"因此哈克和久遠、右近分開行動，
和害怕不已的麻呂呂一起埋伏巨奇利。",[],
0x645F,25695,112,6,"Splitting with Kuon and Ukon,
Haku helps Maroro overcome his fears
to lie in wait for the Boro-Gigiri together.",[],
0x64CF,25807,100,18,そう、ハクが思いついたのは、自らを囮にした捨て身の撃退作戦だった。,[],
0x6533,25907,79,4,沒錯，哈克所想到的，是將自身當作誘餌的捨身擊退作戰。,[],
0x6582,25986,98,6,"Haku plans to offer himself up as a decoy,
risking life and limb so they can gain the
upper hand.",[],
0x65E4,26084,52,15,おおっ、動いて行くでおじゃるよ！？,[],
0x6618,26136,37,3,哦，牠們動起來了是也！？,[],
0x663D,26173,88,5,"Ah! Look now to yon host of fiends;
see the burning purpose that doth
drive them forth!",[],
0x6695,26261,34,1,囮に引っかかったな……,[],
0x66B7,26295,16,1,上鉤了……,[],
0x66C7,26311,22,2,They took the bait...,[],
0x66DD,26333,53,14,"居た……
雑魚達と上手く離れている。",[],
0x6712,26386,64,3,找到了……很順利地讓牠跟那些嘍囉們分開了。,[],
0x6752,26450,59,4,"There it is. It's keeping its distance from
the small fry.",[],
0x678D,26509,91,5,ところで、肝心のボロギギリをどうやって誘いだすでおじゃるか？,[],
0x67E8,26600,61,12,話說回來，您要如何引誘最關鍵的巨奇利呢？,[],
0x6825,26661,94,6,"Pray tell, by what machination intendest
thou to lure the beast as a moth to
the siren flame?",[],
0x6883,26755,19,1,ぶちかませ。,[],
0x6896,26774,16,1,給牠一擊。,[],
0x68A6,26790,33,1,You're gonna hit it REALLY hard.,[],
0x68C7,26823,13,2,ほにょ？,[],
0x68D4,26836,10,1,喔呵？,[],
0x68E4,26852,76,17,あの呪法ってヤツを、全力でボロギギリにぶちかませ。,[],
0x6930,26928,49,3,用你那個咒法，給巨奇利全力一擊。,[],
0x6961,26977,87,4,"Your magecraft stuff. I need you to hit
it with the biggest, flashiest spell you have.",[],
0x69B8,27064,73,15,上手くいけば、アイツだけ釣り上げることが出来る。,[],
0x6A01,27137,55,3,只要順利，應該就能只吸引到牠的注意。,[],
0x6A38,27192,60,4,"If it goes just right, you'll distract it and
lure it here.",[],
0x6A74,27252,37,3,マ、マロがでおじゃるか？,[],
0x6A99,27289,25,1,由麻、麻呂來嗎？,[],
0x6AB2,27314,21,1,Me? H-Humble Maroro?,[],
0x6AC7,27335,116,27,"他に誰が居るんだ。
急げ、グズグズしてたら囮になった連中が喰われる羽目になる。",[],
0x6B3B,27451,101,5,"除了你還有誰呢。
快點，再拖拖拉拉下去，那些當誘餌的人就要被吃掉了。",[],
0x6BA0,27552,92,6,"Who else? Now, come on and hurry, or
else the guys acting as decoys are
gonna end up eaten!",[],
0x6BFC,27644,110,9,"しししかし、そんなことをしたら、
マロに向かってくるのではおじゃらぬか！？",[],
0x6CAD,27821,115,6,"H-H-Hold! If I weave the ley-thread so
ensorcelled#@－－# Would such a spell not...
lure it directly toward me!?","[""#@－－#""]",
0x6DC6,28102,80,17,"今の間は……。
ホントに、ホントに大丈夫でおじゃるか？",[],
0x6EEF,28399,37,8,"Yeah. Have a little faith, will you?",[],
0x6FBD,28605,71,10,"沒……沒錯。
如果不相信好朋友，那還能相信誰呢。",[],
0x7004,28676,98,3,"Yes... Yes, i'faith! For what can a man
place his unwavering belief in, if not
his bosom friends?",[],
0x7066,28774,56,4,"判ったでおじゃる。
やるでおじゃるよ！",[],
0x709E,28830,31,2,知道了。麻呂要上了！,[],
0x70BD,28861,91,12,"Prithee, look not to another, for loyal
Maroro shall see the fateful task done!
Excelsior!",[],
0x7118,28952,25,1,いるだけだがな。,[],
0x7131,28977,37,2,雖說我只是待在一邊而已。,[],
0x7156,29014,68,4,"Though really, I'm just gonna...
Kinda just gonna be standing here.",[],
0x719A,29082,67,4,まぁ、何かあったらウコン達が何とかするだろ。,[],
0x71DD,29149,70,10,唉，要是真發生什麼事，那右近他們也會出手的吧。,[],
0x7223,29219,85,5,"If something does happen, it's gonna fall
to Ukon and the others to take care of it.",[],
0x7278,29304,25,1,にゅおおおおお。,[],
0x7291,29329,22,1,喔哦哦哦哦哦。,[],
0x72A7,29351,12,1,Nyoooooo...,[],
0x72B3,29363,76,4,ううぅ……くらうでおじゃる、にょほぉ#@－－#んっ！！,"[""#@－－#""]",
0x72FF,29439,55,11,唔唔……吃麻呂這一擊，喔呵#@－－#！！,"[""#@－－#""]",
0x7336,29494,80,5,"Hhnnghh... HO! Stand and deliver, thou
intemperate jackaknave!
NYO-HOOOOOOOOOO!",[],
0x7386,29574,64,3,……術を出す時の掛け声は何とかならんのか？,[],
0x73C6,29638,58,3,……不能想辦法改善施展術式時的叫聲嗎？,[],
0x7400,29696,75,11,"...Can't anything be done about what he
shouts while he's doing his magic?",[],
0x744B,29771,31,1,どうだ、来るか#@－－#,"[""#@－－#""]",
0x746A,29802,31,2,怎麼樣，來了嗎#@－－#,"[""#@－－#""]",
0x7489,29833,42,3,...Well? Is it gonna come this w#@－－#,"[""#@－－#""]",
0x74B3,29875,52,2,何匹か一緒に来る……巻き込んだか。,[],
0x74E7,29927,58,8,有好幾隻一起過來了……還是被引來了啊。,[],
0x7521,29985,87,5,"...A few of the smaller ones are coming
with it, too... Looks like that did the trick.",[],
0x7578,30072,37,3,だが、あれくらいなら……,[],
0x759D,30109,34,2,不過，就這幾隻的話……,[],
0x75BF,30143,58,3,"But... OK. OK, that's not a disaster.
We can manage this.",[],
0x75F9,30201,64,13,みんな、作戦通り無理をせず引きつけてくれ。,[],
0x7639,30265,76,5,各位，就按照作戰來，不要勉強自己，盡可能誘導牠們。,[],
0x7685,30341,93,5,"Everyone! Keep pulling them,
just like we planned#@－－#
Just don't overextend yourselves!","[""#@－－#""]",
0x76E2,30434,16,1,やった……,[],
0x76F5,30453,40,9,いや、まだだぜ、アンちゃん,[],
0x7720,30496,40,2,なんて、しぶといでおじゃる,[],
0x774B,30539,37,2,残念、これで終わりだよ！,[],
0x7773,30579,22,1,……来たかッ！,[],
0x778C,30604,58,3,ただいまっと。ハク、怪我とかしてない？,[],
0x77C9,30665,55,3,いや、こっちよりそっちは大丈夫なのか,[],
0x7803,30723,67,4,平気だよ。言ったでしょ、逃げるのは得意だって,[],
0x7849,30793,82,4,やれやれ、あんなのを連れて来るたぁ、大したネェちゃんだ,[],
0x789E,30878,25,1,……………………,[],
0x78B7,30903,25,2,……………………,[],
0x78D4,30932,22,1,終わったな……,[],
0x78EA,30954,16,1,結束了……,[],
0x78FA,30970,13,10,It's over...,[],
0x7907,30983,28,1,ああ、終わった……,[],
0x7923,31011,22,1,對，結束了……,[],
0x7939,31033,27,2,"Yeah, it's over all right.",[],
0x7954,31060,28,1,………ハァ、疲れた,[],
0x7973,31091,104,7,"ハク殿、やったでおじゃるか！？
マロ達、死なないですむでおじゃるか！？",[],
0x79DB,31195,88,11,哈克大人，您幹得太漂亮了！？麻呂和大家都不用因此喪命了！？,[],
0x7A33,31283,66,3,"M-Master Haku, have we won the day?
O-Our lives are yet our own!?",[],
0x7A75,31349,104,6,"ああ、これで終わりだ。
だからそんなに引っ付くな、<鬱陶:うっとう>しい。","[""<鬱陶:うっとう>""]",
0x7ADD,31453,71,10,"對，這樣就結束了。
所以說別那樣拉我啦，煩死了。",[],
0x7B24,31524,61,4,"Yeah, it's over now. So you can quit
clinging to me so much!",[],
0x7B61,31585,82,5,やったでおじゃる、マロ達はやったでおじゃるよ、ハク殿！,[],
0x7BB3,31667,58,3,辦到了，麻呂和大家都辦到了，哈克大人！,[],
0x7BED,31725,51,9,"The day is ours!
Oh, the day is OURS, Master Haku!",[],
0x7C20,31776,49,3,いや、分かったから離れてくれ……,[],
0x7C51,31825,40,2,知道了，所以快放開我吧……,[],
0x7C79,31865,46,2,"All right, I got it, so just... get off me...",[],
0x7CA7,31911,143,16,"それじゃあハク、帰ろっか。　戻ったら宴が待ってるから。
お酒にご馳走、あとはやっぱりお風呂もね。",[],
0x7D36,32054,108,6,"那麼哈克，我們回去吧。
回去後要開宴會了。
要盡情喝酒，然後還得洗個澡呢。",[],
0x7DA2,32162,99,13,"Let's head back, Haku. There'll be a feast
waiting... Fine drink, fine delicacies, and
a hot bath.",[],
0x7E05,32261,91,5,クオンの一言が、満身創痍のみんなに生きてることを実感させた。,[],
0x7E60,32352,89,5,"久遠的這席話，讓遍體鱗傷的每個人
都切實體會到了自己還活著。",[],
0x7EB9,32441,97,11,"Even with us all injured and battered,
something joyful surges inside all of
us at Kuon's words.",[],
0x7F1A,32538,97,6,歓喜の声が広がっていき、それは<勝鬨:かちどき>へと変わっていった。,"[""<勝鬨:かちどき>""]",
0x7F7B,32635,73,5,歡欣鼓舞的聲音逐漸擴散開來，然後變成勝利的凱歌。,[],
0x7FC4,32708,63,12,"Joyous shouts fill the air,
and resolve into roars of triumph.",[],
0x8800,34816,3,6,{/,[],
0x88F3,35059,70,7,哈克和久遠打倒巨奇利，使得右近對他們刮目相看。,[],
0x89E0,35296,82,7,他們和右近、麻呂呂一起行動，為了找工作，朝向帝都前進。,[],
0x8A94,35476,128,7,"布を被った謎の二人組や、
辺境の姫君であるルルティエとの出会いもあり、一行の旅は続く。",[],
0x8BEE,35822,125,10,"道中、ノスリとモズヌが率いる山賊に襲撃を受け、
帝への献上品をすべて奪われてしまう。",[],
0x8CD3,36051,131,11,"Along the way, they are assailed
by bandits led by Nosuri and Moznu,
who steal all the tribute they
were to present to the Mikado.",[],
0x8E00,36352,84,6,"But this is all part of Ukon's daring plan
to use Nosuri to expose Moznu's hideout.",[],
0x8ED2,36562,158,6,"一方、その場に残りルルティエを守る役を請け負ったハクは、
楽な仕事とばかりに呑気にくつろいでいたのだが……",[],
0x8FE4,36836,108,9,"Haku takes it upon himself to protect Rulutieh,
who stayed behind.
He thinks it will be an easy job, but...",[],
0x90C7,37063,76,9,右近率領著同伴，為了與討伐隊會合，前往山路的深處。,[],
0x9113,37139,103,1,"Ukon leads his company deeper into the
mountains to join up with the strike
team waiting in the wings.",[],
0x91DE,37342,149,7,"やがて遠くから、何かが激しくぶつかり合うような音と、
大勢の男達のあげる<鬨:とき>の声が聞こえてきた。","[""<鬨:とき>""]",
0x92CE,37582,89,6,"...and before long, the sounds of crashing
metal and shouted battle cries fill our ears.",[],
0x936E,37742,79,1,音の大きさから察して、戦いはかなりの規模みたいだな。,[],
0x9400,37888,72,5,"Judging from how loud the noises are,
it's a pretty large-scale battle.",[],
0x94DD,38109,68,6,"I wouldn't stand a chance if I got
involved in something like that.",[],
0x95E4,38372,100,44,あ……はい。本当にごめんなさい。こんなことに巻き込んでしまって……,[],
0x96E6,38630,103,5,あの合戦に駆り出されなくてすむんだ。こっちの方が断然マシというものだ,[],
0x9750,38736,124,2,しかも、ウコン直々の頼みだからな。気兼ねすること無く、こうして高みの見物でいられる,[],
0x97CF,38863,76,5,ルルティエの方こそ怖かっただろうに。大丈夫なのか？,[],
0x98B0,39088,85,5,クオン様がいてくれましたし……も、もちろん、ハク様も……,[],
0x99C7,39367,64,5,そ、そんな……っ！　お姫様なんて、私は……,[],
0x9AEB,39659,145,4,ああ。もしウコン達に同行しないで、クオンと二人で旅をしていたとしても、やはりこの道は通ったはずだ,[],
0x9BC8,39880,97,4,そうなった時、今みたいに無事に切り抜けられたかどうか判らんからな,[],
0x9CAB,40107,91,5,山賊達の信頼を得るために、あえて……って可能性もないではない,[],
0x9DD1,40401,64,4,マロ達とハク殿は、一蓮托生の仲でおじゃるよ,[],
0x9E7E,40574,148,3,何を言うでおじゃる。ハク殿を残して行くのが心配で、ウコン殿に頼んでここに残してもらったでおじゃるよ,[],
0x9FE5,40933,76,7,しかし、あの時は心臓が止まるかと思ったでおじゃるよ,[],
0xA0D7,41175,43,3,これで本当に役立つのか……？,[],
0xA1B7,41399,94,3,仕方ないかな。こういうのは相手に勘付かれたらそこでお終いだから,[],
0xA2E5,41701,145,3,クソがッ！　ったく、見張りは何をしてやがったんだよォ！　あの隠れ家がバレるはずはねぇってのにヨ！,[],
0xA3FF,41983,178,4,お頭が悪ィんスよぉ？　いくらあの女がお頭好みだからって、ホイホイ信じちまうから……どうせあの乳が目当てだったんでしょ？,[],
0xA4B4,42164,118,3,うるっせェな仕方ねェだろバカ、おめェらだって見たろあの乳！　ありゃ反則じゃん！,[],
0xA6F6,42742,31,4,な、何でおじゃる！？,[],
0xA800,43008,52,3,你、你們……為什麼會在這種地方！？,[],
0xA8BF,43199,107,3,"へヘッ、馬鹿かオメエは。
こんな奴等、蹴散らしちまえばいい話じゃねえの。",[],
0xA9AE,43438,104,7,"しかも、コイツはとんだ土産が出来たぜ。
飛んで火に入る何とやらじゃん。",[],
0xAAE1,43745,64,2,ウヒェヒヒヒヒ、たっぷり可愛がってやんよ。,[],
0xABE8,44008,68,3,"好了，我說你們，抓住這些女人，
把男人都打趴。",[],
0xACF6,44278,49,3,コカコココココ……コルルルル……,[],
0xADD0,44496,70,2,おねがいです……そこの方達……逃げて下さい……,[],
0xAED0,44752,55,3,ヘッ、そんな脅し、通用するとでも……,[],
0xAFB9,44985,188,3,"モズヌ一家を討ち倒したハク一行はヤマトの将、オシュトルと出会う。
彼の放つ清廉な威厳は、まさに大人物を感じさせるものであった。",[],
0xB075,45173,149,3,"打倒伯勞一夥的哈克一行人，和大和將領奧修特爾相遇了。
他散發出的廉潔威嚴感，確實讓人感覺到是大人物。",[],
0xB1ED,45549,63,2,"Before long, the party safely
arrives at the imperial capital.",[],
0xB29D,45725,104,2,"他們被招待到奧修特爾的宅邸，
途中被帝皇膝下的大都市的莊嚴之姿所震懾。",[],
0xB367,45927,185,9,"オシュトルの帰りを待っていたのは、可愛らしい妹、ネコネ。
彼女はその幼い容姿とは裏腹に、最年少で殿試に合格した才媛であった。",[],
0xB4AC,46252,166,2,"There, Oshtor's cute younger sister
Nekone is waiting for his return.
Contrary to her childish appearance,
she is the youngest person to
ever pass the Imperial Exam.",[],
0xB5F2,46578,103,3,無頼の徒ウコンは、かの右近衛大将オシュトルが世を忍ぶ仮の姿であった。,[],
0xB6B4,46772,98,3,"They learn that ""regular guy"" Ukon
is in truth the disguised Oshtor,
Imperial Guard of the Right.",[],
0xB7E7,47079,113,2,"Going along with Kuon,
who had joined at Ukon's half-coercive invitation,
Haku too becomes a spy in his service.",[],
0xBB00,47872,3,2,:-,[],
0xC000,49152,3,2,2],[],
0xCAA9,51881,91,2,"Somehow, even more bodies pack the
market street than usual,
making it nigh-untraversable.",[],
0xCBE5,52197,31,2,ルルティエ、大丈夫？,[],
0xCCF0,52464,58,2,この時期は、いつもこんな感じなのです。,[],
0xCDDC,52700,43,2,妳說這時期，難道有什麼事嗎？,[],
0xCED4,52948,162,5,"そう言ってネコネが通りの方を向くと、
何やら派手な飾り付けをした行列が
陽気な楽を鳴らしながら練り歩いてきた。",[],
0xCFE6,53222,90,3,"Nekone points down the road, indicating
a colorful, garish procession parading
toward us.",[],
0xD07D,53373,149,2,"金銀のきらびやかな装飾の施された、大きな車。
その後にも同じように飾られた荷車がいくつも続いている。",[],
0xD1D4,53716,170,6,"もうすぐ姫殿下の聖誕祭があるです。
その祝儀のため、諸国より<皇:オゥルォ>や貴族の子息達が、帝都に上京してくるです。","[""<皇:オゥルォ>""]",
0xD27E,53886,131,2,"馬上就要舉辦公主大人的聖誕慶典了。
為了祝壽，各國的<皇:奧羅>與貴族子嗣們都會上京來帝都。","[""<皇:奧羅>""]",
0xD3D2,54226,85,2,要在將會繼任下任帝皇的公主殿下繼承家業之前，先宣示效忠。,[],
0xD4E6,54502,70,2,這樣啊，所以那個就是為此而來的某個皇二代了嗎。,[],
0xD5D4,54740,70,2,只是為了磕個頭就要長途跋涉而來，真是辛苦了呢。,[],
0xD6F9,55033,95,2,"A truth I do not deny, but it would
probably be best to keep that kind
of comment to yourself.",[],
0xD7FF,55295,77,2,"Not everyone shares in the temperament
of my dear br#@－－#of Lord Oshtor.","[""#@－－#""]",
0xD8EE,55534,113,2,"杏樹公主大人，可是身為現人神的帝皇陛下唯一的直系子嗣。
是正宗的天子大人喔。",[],
0xD9DF,55775,110,2,"この帝都、いえヤマトには姫殿下に命を捧げている者が、
ごまんと居るのです。",[],
0xDAA5,55973,105,2,"A great many people in the capital#@－－#no,
all in Yamato, have devoted their very
lives to her name.","[""#@－－#""]",
0xDBCE,56270,87,9,"Lord Oshtor may let your japes pass,
but if such remarks fall on
less tolerant ears...",[],
0xDCF8,56568,11,2,I-I see...,[],
0xDDE5,56805,110,2,"Nekone's matter-of-fact tone is
unnerving, but she's stating fact#@－－#
she's not trying to intimidate me.","[""#@－－#""]",
0xDECD,57037,73,2,いや、何だかんだ言って心配してくれたんだな、と。,[],
0xDFE3,57315,82,2,要是有認識的人某天突然人間蒸發了，我肯定是會做惡夢的。,[],
0xE0E1,57569,49,3,ホントに……脅しじゃ無いのね……,[],
0xE1F4,57844,75,2,"Besides, the nativity festival is far from
the only reason they have come.",[],
0xE2DD,58077,91,2,就算沒有慶典，各方勢力都會按照慣例在這時期把後繼者送來這裡。,[],
0xE3F2,58354,58,3,然後讓他們在這裡待幾年，學習各種事務。,[],
0xE4F1,58609,67,3,有拜名師為師的人，也有成為學徒努力學習的人。,[],
0xE5FC,58876,64,7,武藝優秀者加入軍隊，或者當知名人士的小弟。,[],
0xE6E7,59111,46,3,是這樣啊……大家都好厲害喔……,[],
0xE7FC,59388,13,2,咦……？,[],
0xE8ED,59629,25,1,"Were you, um... unaware?",[],
0xE9B7,59831,96,1,"I-I was only told... to deliver my country's
tribute... t-to the Mikado, as a
representative...",[],
0xEAE6,60134,103,1,"Your father might've kept the true
reason for your visit a secret. To
keep your anxiety at bay, maybe?",[],
0xEBCC,60364,66,1,"Now that she mentions it, that feels like
it's probably the case.",[],
0xECBB,60603,82,1,"I only say so because your father sounds
like he loves you quite a lot, Rulutieh.",[],
0xEDE8,60904,125,3,"世継ぎなどをお膝元に置くことで、必要な知識を学ばせること。
忠誠心を植え付けること。",[],
0xEED9,61145,99,1,"This power structure. Making the capital
the center of learning for noble scions
instills loyalty.",[],
0xEFC5,61381,136,5,向他們展示壓倒性的富強與權力，來扼殺他們的叛意，然後讓他們在這裡花錢以帶動經濟與文化發展。,[],
0xF0FD,61693,52,1,光是隨便想想，就有這麼多的益處呢。,[],
0xF1DC,61916,65,1,"真不愧是姐姐大人呢。
居然能察覺到這些意義。",[],
0xF26B,62059,91,1,ネコネがチラリとこっち見て、フフンと自慢げな笑みを浮かべる。,[],
0xF2C6,62150,61,1,貓音掃了我這邊一眼，臉上露出得意的笑容。,[],
0xF3F7,62455,32,1,"I realized as much too, y'know.",[],
0xF4F2,62706,97,2,"It's clever. At any time, the capital can
keep its vassals in check by holding the
kids hostage.",[],
0xF5ED,62957,48,1,"I was... deliberately not mentioning that
part.",[],
0xF6E9,63209,63,1,"Oh#@－－#N-No, that was just#@－－#
I didn't mean#@－－#","[""#@－－#""]",
0xF7E8,63464,60,2,"No, I... I don't mind, so... Please don't
worry about me...",[],
0xF8FF,63743,61,1,說著這些話的時候，之前的隊列從眼前經過。,[],
0xF9FF,63999,99,5,"不過還真華麗呢。
花俏的服裝跟閃亮的裝飾。
又是奏樂又是唱歌跳舞……",[],
0xFAFB,64251,38,1,It's like a festival all unto itself.,[],
0xFBCF,64463,137,1,"話からしてルルティエもこの連中と同じ上京組のようだが、
コレと比べたらすごく地味というか……",[],
0xFCC8,64712,98,1,"Rulutieh seems to be in the same class as
these guys, but she's... really plain
compared to them.",[],
0xFDE7,64999,104,1,"Then again, I'd be at a total loss if she
told me to dress like that and put on
a dance number for her.",[],
0xFED8,65240,106,1,為了炫耀權力跟宣傳名聲，有很多家族都會用這樣豪華的裝飾來個氣派的遊行。,[],
0xFFA5,65445,119,7390,"さらに都のヒト達はお祭好きが多く、
こういった行列に拍車をかけてしまってるです。",[],
0x1005F,65631,97,1,"That festivals and celebrations are so
popular with the commonfolk only spurs
these debacles on.",[],
0x100C0,65728,70,1,貴族や豪族達が力を誇示する絶好の機会だからね。,[],
0x10193,65939,116,1,"遠方の有力者にしてみれば少しでも名を売りたいから、
力が入るのも無理ないかな。",[],
0x102BF,66239,119,1,"わたしは、こういったのはあまり好きでは無いです。
見苦しいですし騒がしいのです。",[],
0x103C9,66505,95,5,"中には見栄を張って、
分不相応に飾り付けたりする者もいるですよ。",[],
0x104C1,66753,143,1,"その為に普段は爪に火をともすような生活をしている家も
あるとか。　本末転倒もいいところなのです。",[],
0x105AF,66991,99,1,"Whole families will lead frugal lives just
for this chance to make an extravagant,
wasteful debut.",[],
0x106DE,67294,70,1,"I see. Garish stuff like this isn't really
Nekone's cup of tea, then.",[],
0x107B6,67510,79,1,"She seems to avoid noise and chaos in
general, so I guess it's understandable.",[],
0x108B9,67769,97,1,"We all watch the first cart in the
procession go by, and before long,
another follows behind it.",[],
0x109A3,68003,125,1,"前の行列が派手すぎて地味に感じる、
ということにしてやりたいが、それにしても地味だ。",[],
0x10AAB,68267,102,1,"I want to be able to say it's drab only by
comparison to the others, but... it's
really, REALLY drab.",[],
0x10BB7,68535,157,1,跟露露緹耶一起運來的載貨車雖談不上不氣派，但是上面有許多精緻的花紋，塗漆也十分華麗美觀，是品質上乘之物。,[],
0x10CB8,68792,110,1,"しかしこの行列の車には、
そういったものがほとんど<施:ほどこ>されていない。","[""<施:ほどこ>""]",
0x10DA7,69031,127,4,質実剛健と言えば聞こえはいいが、下手すると農作業をする時に使う荷車にも見えてしまう。,[],
0x10EEC,69356,49,1,さすがに汚れてたりはしてないか。,[],
0x10F69,69481,161,1,"行列を眺めていた者達も見ていてつまらなくなったのだろう、
興味を無くしたようにそれぞれの仕事に戻っていった。",[],
0x110F3,69875,46,2,那妳是喜歡樸素到那種程度的嗎？,[],
0x11121,69921,57,1,"Is something simple like that more to
your liking, then?",[],
0x111D1,70097,58,1,不知為何，貓音她好像很害臊似的扭過頭。,[],
0x112D7,70359,67,1,不知從何處突然響起了一陣叫著貓音名字的聲音。,[],
0x113D8,70616,94,1,我環顧四周，一位少年從那過分普通的車裡探出頭，朝這裡揮起了手。,[],
0x11500,70912,7,1,Hhnnh.,[],
0x115E7,71143,49,1,那少年專程從車上下來，跑向這邊。,[],
0x116E8,71400,98,1,"好久不見了貓音小姐。
好高興喔，沒想到剛抵達帝都就能見到貓音小姐。",[],
0x11CC7,72903,95,2,"He looks to be a good-natured young man,
though. Not the type to really...
be disliked easily.",[],
0x11FC0,73664,112,1,聽到貓音簡短的介紹，少年臉上浮現有點可惜的表情，略帶苦笑地向我們行了一禮。,[],
0x121C1,74177,100,1,"Ah, you're Nekone's acquaintances?
Forgive me for not introducing myself.
I am Kiwru, of Ennakamuy.",[],
0x12BA2,76706,102,11,"Kuon's elbow and Nekone's shin connect
with me before I can finish the thought.
How did they#@－－#","[""#@－－#""]",
0x12ECE,77518,95,1,"あっ……いえ何でも。
こちらこそ、今後ともよろしくお願いします。",[],
0x13128,78120,19,58,………………,[],
0x13AE5,80613,67,1,ぬぐぐ、心底嫌そうに顔を<顰:しか>めやがった。,"[""<顰:しか>""]",
0x13CE3,81123,53,1,"他是哈克。
姑且是我們的……隊長吧。",[],
0x146AA,83626,104,1,"I'm a little embarrassed that we don't have
decorations. People see us as country
bumpkins, no doubt...",[],
0x14F86,85894,164,2,"それはいいのですが、そろそろ移動した方がいいのです。
いつまでもそこで立ち止まってると、周りの迷惑になるです。",[],
0x151DC,86492,143,1,"あっ#@－－#！？　いけない、長々と申し訳ありません。
後ほど挨拶にうかがいますので、それではまた。","[""#@－－#""]",
0x152D0,86736,69,1,"Ack! S-Sorry. I won't keep you.
I'll drop by and say hi later, then!",[],
0x153F7,87031,87,1,"Kiwru hurriedly climbs back into his cart,
and the parade trundles on before too
long.",[],
0x159B4,88500,95,1,"He brightened right up when you started
talking to him. I think he probably...
no, definitely.",[],
0x15DE9,89577,26,1,What do you mean by that?,[],
0x15ED9,89817,99,1,"Kiwru is my dear brother's sibling by oath.
They share in a bond of sworn
brotherhood and kinship.",[],
0x15FCA,90058,127,1,所以他才會對身為兄長大人妹妹的我特別關照。我每天都埋在書堆裡，他還會一直來跟我搭話。,[],
0x16ADE,92894,61,1,"So she doesn't even acknowledge him
enough to hate him. Wow.",[],
0x176C9,95945,109,1,本来なら、ウコンに頼まれた例の件で仲間集めをしなければいけないのだが……,[],
0x17CB3,97459,82,1,あやや、後ろ姿は格好良かったのに、前からは残念賞や……,[],
0x17F9A,98202,122,2,"まぁ、ええか。　なぁなぁおにーさん。
ちょっと道を<尋:たず>ねたいんやけど、いいけ？","[""<尋:たず>""]",
0x182F4,99060,20,1,The Hakurokaku Inn?,[],
0x18EFD,102141,59,2,"ハクはんって言うんや。
いい名前やえ～。",[],
0x18FAF,102319,131,5,"名前を褒められたのは初めてだな。
名付けたクオンが褒めるだけだからかなり怪しかったが……",[],
0x191F5,102901,94,1,被這麼一說讓我感到有些難為情，就算不是真名還是有點不好意思呢。,[],
0x1A3CD,107469,99,2,"So here I am, stranger in a strange city,
arrived from distant lands just in time
for the big day.",[],
0x1AEB9,110265,102,2,"And she broke away without telling
anyone and wants to hide out at the
inn. This smells like trouble.",[],
0x1AFD4,110548,79,2,阿圖依對各種攤子都很有興趣的樣子，時不時地駐足細看。,[],
0x1B2F0,111344,125,1,"こっちにして正解やったなぁ。
とと様が用意してくれた屋敷よりも、楽しくなりそうやぇ。",[],
0x1BF86,114566,137,2,"もしかして、アレなん？　クオンはんとおにーさん、ひょっとして……
恋人同士だったりするんけ？",[],
0x1C1E6,115174,86,1,"だから違う。
どちらかと言えば恩人ってことになるな、一応。",[],
0x1C5CC,116172,86,2,"嗯～？
如果你們是的話，就可以打聽許多事情給今後當參考嘛。",[],
0x1C9EA,117226,49,2,戀愛……妳到底來帝都做什麼的啊。,[],
0x1CFD0,118736,67,2,"Oh, if you're tired, go try out the baths.
They're wonderful here.",[],
0x1D3FF,119807,103,1,我是不否認啦，但妳好意思說她啊。就奇特這點久遠妳可一點都不輸人家啊。,[],
0x1DBDC,121820,76,1,奧修特爾的義弟奇羽琉也加入了意氣昂揚的哈克一行人。,[],
0x1DFF7,122871,140,2,"だがしかし、モズヌがひょっこりと現れたのは、
あろうことかハクたちが根城とする白楼閣であった。",[],
0x1E0E2,123106,104,1,"However, by pure luck Moznu appears at the Hakurokaku Inn
where Haku and crew have set up headquarters.",[],
0x1E1D3,123347,58,1,"Moznu makes a break for it,
and Haku's party gives chase.",[],
0x1E2B1,123569,97,1,なんですって！　こいつはおもしれえ、返り討ちにしてやりやしょうぜ,[],
0x1E5E8,124392,25,2,ルルティエ様！？,[],
0x1E700,124672,22,1,咕嚕嚕嚕嚕嚕！,[],
0x1E9D2,125394,85,1,ちょっと大きいだけの、優しい普通のホロロン鳥なんです……,[],
0x1EEE9,126697,87,1,"You sayin' that thing looks like a regular
ol' Hororon to you? You blind or somethin'?",[],
0x1EFCC,126924,100,2,說到赫蘿蘿恩鳥啊，可是更加嬌小的啊！也更可愛啊！顏色也更鮮豔啊！！,[],
0x1F18E,127374,116,1,"そんななぁ、そんな地味で不細工で巨大なホロロン鳥が、
いてたまるかヨォォォ！！",[],
0x1F4F1,128241,27,1,Did Rulutieh just... yell?,[],
0x1F6DA,128730,170,1,"隠密として初めての任務は無事完了した。
ハクたちの活躍により、モズヌ一味は再び投獄され、沙汰を待つばかりとなった。",[],
0x1F784,128900,158,1,"哈克一行人順利完成了作為密探的首次任務。
由於他們的活躍表現，伯勞一夥再度被送進監獄裡，等待進一步的判決。",[],
0x1FAC6,129734,74,1,"Their activities, however, remain mostly
unknown to the general populace.",[],
0x1FCFC,130300,68,1,"皇女の輿を先導するは、
名高きヤマトの八柱将。",[],
0x1FFD1,131025,55,1786,海運國家夏赫羅的皇，溟海之索楊克庫爾,[],
0x201BE,131518,73,1,ヤマトの実質的な大老、<影光:えいこう>のウォシス。,"[""<影光:えいこう>""]",
0x205BE,132542,153,1,"Once the excitement of the nativity
festival wears off, the imperial capital
returns to normal. Haku is invited to
a strange garden by mysterious twins.",[],
0x206FE,132862,84,2,"The master of the garden is named Mito,
and the woman serving him
is called Honoka.",[],
0x207BF,133055,82,1,在水戶的請求下，哈克道出從失去記憶到現在為止發生的事。,[],
0x209E4,133604,81,1,"There, Haku is unexpectedly
seized by an indescribable,
somewhat painful memory.",[],
0x223BF,140223,70,1,她坐在躺椅上放鬆、擅自吃起點心，還看起書來……,[],
0x225D2,140754,79,1,哈克等人啞口無言，完全無法想像這就是要繼承國家的人。,[],
0x228E3,141539,118,1,それをここまで<憔悴:しょうすい>させるって、何があったよ。まるでこの間の……ん？,"[""<憔悴:しょうすい>""]",
0x22ADD,142045,91,2,それが、ちょうどネコネさんと一緒に席を外したところでして……,[],
0x22BFE,142334,55,1,ちゃんと……もっと奥に隠したのに……,[],
0x22DC6,142790,64,3,皇女以前に、乙女としてどうなんだコレは……,[],
0x22FF5,143349,55,1,違うから、そんな泣きそうな目で見るな,[],
0x231D9,143833,49,1,まあ、細かいことは気にするでない,[],
0x233C6,144326,154,3,挙げ句には、屋台の串焼きが喰いたいと言ったら、そんな下賤なモノは余が食すには<相応:ふさわ>しくないなどと,"[""<相応:ふさわ>""]",
0x235C9,144841,100,1,仕方のないヤツじゃ。褒美を取らす、これでおかわりを持ってくるのじゃ,[],
0x237AE,145326,91,1,そうか。ならすまないが、何か適当なのを出してやってくれないか,[],
0x23CC9,146633,58,1,あ、あのっ……でしたら何か作ってきます,[],
0x23EE8,147176,91,1,我和露露緹耶一起走向伙房的時候，從背後傳來了一個清幽的聲音。,[],
0x23FE1,147425,49,3,我一回過頭，看見一個女人站在那。,[],
0x247E9,149481,70,2,もしよろしければ……握手をしていただけたら……,[],
0x249BF,149951,85,2,ムネチカと名乗る女性は、そう微笑むと手を差し出してくる。,[],
0x24EFA,151290,44,1,"I trust you understand what I mean by
that?",[],
0x25178,151928,150,2,"何しろ仮にも皇女様だ。
拉致、暗殺なんてことになったら一大事だ。
そんなことになったら確実に首が飛ぶ。",[],
0x254FB,152827,91,1,感覺她並沒有在盤算著什麼壞事，再怎麼說還是露露緹耶崇拜的人。,[],
0x255B7,153015,91,2,……ていうか、アレを連れ帰ってくれるのなら、もう誰でもいい。,[],
0x25BE8,154600,35,2,Anju immediately freezes in place.,[],
0x25DF4,155124,22,2,ぎゃーッ！！？,[],
0x25FDF,155615,59,2,"宗宗宗宗宗近！？
妳為什麼會在這裡#@－－#","[""#@－－#""]",
0x260C1,155841,179,1,"小生の居ない間、いろいろとやるべき事はあったはずです。
<何故:なにゆえ>このような所でだらけているのか、お聞かせ願いたい。","[""<何故:なにゆえ>""]",
0x26400,156672,119,1,"だ……だだ誰ぞ、刺客じゃ、刺客が余を暗殺しに来おった！
すぐに余を守るのじゃ！！",[],
0x269DB,158171,170,1,"<成程:なるほど>、少々お戯れが過ぎる。
姫殿下の指南役を聖上より賜った身として<躾:しつけ>が必要と判断させていただく。","[""<成程:なるほど>"", ""<躾:しつけ>""]",
0x26A85,158341,134,1,"原來如此，您玩得有點過頭了。
聖上指派在下作為公主殿下的導師，在下認為您需要被教訓一下了。",[],
0x26DAC,159148,128,1,"ああ、<躾:しつけ>は大切ですね。
こっちのことは気にせず遠慮無くやっちゃってもらいたい。","[""<躾:しつけ>""]",
0x26FF1,159729,85,3,杏樹雖然好像想說些什麼，但被宗近輕輕地抱起，放在膝蓋上。,[],
0x271C2,160194,127,1,宗近毫不在意其他人的目光，直接掀起杏樹的衣服，連內褲都拉了下來讓杏樹的屁股暴露在外。,[],
0x272EA,160490,104,1,"ふぎゃ、ふぎゃ、
ふぎゃああああああああああああああああああああッ！！",[],
0x273CC,160716,134,1,"スナップのよく利いた手が見えない程に速いペンペンが、
アンジュの尻を羞恥の色に染めてゆく。",[],
0x274AD,160941,99,1,Munechika flickers her wrist so masterfully I can't even track her hand as it reddens Anju's rear.,[],
0x275FC,161276,73,3,あれは内心、『ザマア』とか思っているに違いない。,[],
0x276C2,161474,82,2,姫殿下に対する態度じゃないだろ。どれだけ兄好きなんだか,[],
0x27FFE,163838,7,1,Urk...,[],
0x2809F,163999,128,3,"『オシュトルが来たらすぐに報せろ』って言ったんだろう？
彼女を通すなとは聞いてないぞ。",[],
0x282F7,164599,19,1,うぐぅぅ……,[],
0x284DA,165082,58,1,……姫殿下、<我儘:わがまま>が過ぎますぞ,"[""<我儘:わがまま>""]",
0x287D1,165841,115,1,宮內收藏了古今中外各式各樣的書籍，也有不會讓公主殿下感到無趣的談話對象才是。,[],
0x28998,166296,112,1,それに不満があるのなら、そう述べれば良い。姫殿下が望めば全て用意されるかと,[],
0x28BB9,166841,97,1,余想讀的才不是那種無聊的書，想聊天的對象也不是你們給余準備的人！,[],
0x28CF6,167158,124,2,點心也是，再鮮甜再美味的點心就算堆得跟山一樣高，如果不能敞開肚皮吃的話也毫無意義。,[],
0x28EDB,167643,145,1,それは出来ませぬ。姫殿下に与えられた絶対なる富と力。それらは自由と引き替えのものと考えるべきかと,[],
0x291FE,168446,37,1,I just felt a chill down my spine...,[],
0x296A1,169633,101,2,"In a stiff environment where she's being bred for politics, is it any wonder she tries to sneak out?",[],
0x2988A,170122,157,2,あ～、何か判るぇ。ウチにいても退屈でつまらんもん。同じ年頃のお友達なんてウチに気をつかって余所余所しいし,[],
0x299BB,170427,98,1,"Yeah, she's right. Court life gets really boring. All your friends treat you with caution, too...",[],
0x29ADE,170718,74,1,"咦？
啊……嗯，怎麼說呢……大概有那種感覺……吧？",[],
0x29FE1,172001,98,1,"但是公主殿下是獨一無二的。
是總有一天要統治這個大和國的重要存在。",[],
0x2A1B0,172464,115,1,多くの民に奉仕する為政者だけが、ヤマトに君臨することを許されるのですから……,[],
0x2A3DB,173019,55,1,どうしたのじゃ、言い返してやるのじゃ,[],
0x2A4D3,173267,59,2,"I, uh. Don't have a good argument against that one. Sorry.",[],
0x2A8F8,174328,97,1,それに、お友達って言わなかったかな。それなら遠慮なんて無用だよね,[],
0x2ABFB,175099,10,2,嗯……,[],
0x2ACC7,175303,67,1,Would you like some tea? It will get cold if we wait any longer...,[],
0x2B0F3,176371,73,2,いろいろです。姫殿下のことも、ムネチカ様のことも,[],
0x2B1FE,176638,94,1,姫殿下ばかりか、ムネチカ様までも……こんなこと前代未聞なのです,[],
0x2B2FB,176891,121,1,そういえば、あの指南役の人って結構有名なのか？　ルルティエがえらく感動していたが,[],
0x2B5A1,177569,100,2,她可是大和國八柱將的其中一人，那位被頌讚為帝都的守護者的宗近大人。,[],
0x2B7C0,178112,93,2,I would have thought it impossible to find anyone in the capital who does not know her name.,[],
0x2BAFD,178941,67,3,待て待てっ！　余には学ぶべき事があるのじゃ！,[],
0x2BCDD,179421,110,1,"見よムネチカ、この書冊を。
宮廷にこんな素晴らしきものは無かったのじゃぞ。",[],
0x2BDFA,179706,50,1,"ええっ！？
ど…どうしてそれも……",[],
0x2C2DD,180957,64,1,むしろ学ぶためにこそ、外に出ておるのじゃ。,[],
0x2C400,181248,90,1,There lies an abundance of knowledge I fear I can find nowhere within the palace walls...,[],
0x2C7F0,182256,70,1,在下稟告聖上以後，希望公主殿下能更加努力學習。,[],
0x2C8E8,182504,46,1,判ったのなら余にその書冊を……,[],
0x2CBB1,183217,133,1,方才拜讀過後，在下發現裡面的一些內容對公主殿下來說有些過激，因此在下還需要回去多加研讀。,[],
0x2CCF7,183543,36,1,U-um... that book is... actually...,[],
0x2CDFF,183807,70,1,"On another note, this confection you've served me is truly exquisite.",[],
0x2CFDF,184287,37,2,那個……那是……我的……,[],
0x2E3DA,189402,92,1,"但即使她強硬地要求哈克等人「綁架余吧」，
也沒有人認真理會她。",[],
0x2EBB1,191409,85,1,"Just pretend to lose, go down, and let him rush in to rescue Anju. You all got that?",[],
0x2EEFF,192255,71,1,"有什麼不好的。
最近都沒什麼大事發生，多無聊啊。",[],
0x2F0BF,192703,109,1,何やらこう、さっきから場の空気が生暖かいような気がしてならんのじゃが……,[],
0x2F3F1,193521,79,1,おお、<流石:さすが>良い女とは、ひと味違うものじゃな。,"[""<流石:さすが>""]",
0x2F7CD,194509,99,1,"He said to me long ago that he'd fly to me if ever I was in need... Truly, this is the man I love.",[],
0x2F9E7,195047,137,1,"な、何！？　一人で来るようにと伝えたはずだ……ぞ？
いや待て、そう伝えた……よな？　確か……",[],
0x2FDD4,196052,46,1,真可惜，妳以為我是奧修特爾嗎？,[],
0x2FFBF,196543,93,2235,I believe it is reasonable to conclude she possesses absolutely no capacity for forethought.,[],
0x302CF,197327,96,1,"It can't be helped. A girl in love's got a one-track mind! I'd do the same in her shoes, I bet.",[],
0x303A0,197536,67,1,"For the sake of not making all our lives hell, please don't. Ever.",[],
0x304DC,197852,107,1,"アンジュの思い人とは、あの男か？
何というか、変わった趣味をしているな。",[],
0x305ED,198125,149,1,"んな！？　ち、ちちち違う、何を言うか……ええい、こらハク！
何故<其方:そなた>がここに来ておるのじゃ！","[""<其方:そなた>""]",
0x30DF0,200176,77,1,"好了，該結束這場鬧劇了。
不要再胡鬧了，快點回去吧。",[],
0x30FF8,200696,101,3,That attitude just makes it even worse. Would you stop and consider your position for just a moment?,[],
0x314B0,201904,90,1,"Don't you understand the responsibilities of a princess, let alone the IMPERIAL princess?",[],
0x316D9,202457,89,2,"姐、姐姐大人，沒事吧？
這樣摀著耳朵蹲著……有哪裡不舒服嗎？",[],
0x317ED,202733,56,1,...A-Ahaha. What... nice weather we're having lately...,[],
0x31AF3,203507,121,1,總之，在事情鬧更大之前快點回去吧。雖說好像是有些晚了，但我們還是相信為時不晚吧。,[],
0x321F1,205297,61,1,What the hell are you talking about? Come on. Let's go home.,[],
0x323B8,205752,105,1,"Not only do you dare to interefere with a maiden's love, but you seek to separate her from her intended?",[],
0x325D8,206296,114,1,"大夥，計畫變更！
不要手下留情地給我教訓他們！
少女純潔的愛情就由我們來守護！",[],
0x326E7,206567,26,1,"Heh, that's more like it!",[],
0x329E3,207331,89,1,Fine! You wanna play rough? Then let's play! We'll DRAG the princess back if we have to!,[],
0x32FB2,208818,79,2,わかるぇ、その切ない気持ち。お姫さまは本当に乙女やぇ,[],
0x33100,209152,49,1,This entire affair is becoming a tiresome farce.,[],
0x333E8,209896,98,1,"I made a small detour. This whole ordeal would be pointless without its star, wouldn't you agree?",[],
0x338CF,211151,58,1,這件事要是曝光的話會怎麼樣，你知道吧。,[],
0x339D9,211417,53,2,"這傢伙是認真的嗎。
絕對是知道的吧。",[],
0x33BE6,211942,27,2,"Ah, it seems he's arrived.",[],
0x341E2,213474,95,1,"まさかとは、まさかとは思いますが……
姫殿下にあらせられますか。",[],
0x345A9,214441,110,2,"なんじゃ、そのようなことか。
気にするな、<其方:そなた>と余の仲ではないか。","[""<其方:そなた>""]",
0x346FE,214782,37,1,是……是！草民……惶恐！,[],
0x34AAD,215725,84,1,"I-It would appear he's brought his subordinates with him... All of them, in fact...",[],
0x34FEE,217070,47,2,We shall take our leave immediately. Farewell!,[],
0x35081,217217,64,1,喂……妳要去哪裡，妳還沒跟奧修特爾打啊！？,[],
0x351AF,217519,100,1,"I fail to comprehend. Why were they so desperate to leave...? Ah, but now it matters not. Oshtor...",[],
0x353F3,218099,164,1,"<某:それがし>の為に、アンジュ姫殿下の正常なご判断を鈍らしめ、
この様な事態を招いた事、謹んでお詫び致しまする。","[""<某:それがし>""]",
0x357E2,219106,98,1,"這全都是鄙人引起的。
竟讓公主殿下如此輕易地被擄走，鄙人罪該萬死。",[],
0x35BA8,220072,98,1,"國の忠臣を余の悪戯ごときで失っては、
御父上に申し開きようもない。",[],
0x35CBC,220348,82,2,頼む、この通りじゃ、これからも余を補佐し助けて欲しい。,[],
0x365D6,222678,64,2,是的，但是我想起來還有事情還沒傳達給你們。,[],
0x367F1,223217,55,1,ええ、<迎:むか>えにいらしたようです。,"[""<迎:むか>""]",
0x369D4,223700,56,1,"在下已經阻止過了吧。
這種愚蠢的遊戲。",[],
0x37DBC,228796,145,1,"With her role in the kidnapping of the Divine Scion
 revealed, Nosuri is now wanted for high treason.
 Her reckoning is only a matter of time...",[],
0x387E4,231396,136,1,それが判らないはずが無い。なのにそんな禁じ手を眉一つ動かさず指示する。何と恐ろしい男だ……,[],
0x388E6,231654,163,1,いえいえ、正当な評価だと思いますよ。このような策を本当に実行するとは。オシュトルさんが目を掛けるのも判ります,[],
0x389FF,231935,61,1,本当に、悪知恵と絡め手だけは達者なのです,[],
0x38DF0,232944,73,1,さて、うまく話をそらせることが出来ればいいんだが,[],
0x391EE,233966,103,1,どうする？　このままだとお前は、モズヌの罪まで被る羽目になっちまうが,[],
0x393BF,234431,73,1,だから、なんで二人だけで行くって話になってるんだ,[],
0x39BEB,236523,97,1,口添えだけでなく、ここまで助力して貰えるとは……正直、望外だった,[],
0x39DCC,237004,76,1,何だか、言ってることが真面目過ぎて怪しいのです……,[],
0x39EBE,237246,115,1,まさか、賊のお宝を頂くっていう自分の狙いに気づいて……？　はは、まさか……な,[],
0x39FCA,237514,73,1,しかし、あそこに居る者は全員起きているようですね,[],
0x3A7F7,239607,107,1,"……まあ、なんだ。
これを機に盗人家業から足を洗うってのもいいじゃんよ。",[],
0x3ADA7,241063,131,1,"俺、最近好きな女が出来たんっすよ！
もうすっかり諦めてたけど、告白とかしちまおうかな！？",[],
0x3B1DD,242141,49,1,……あの、本当にやるんですよね？,[],
0x3B3F7,242679,33,3,"That may be, but think about it.",[],
0x3B4B3,242867,82,1,"That money they're using is all thanks to someone else's sweat, blood, and tears.",[],
0x3BDE2,245218,94,1,単純でいいですね。しかし、その燻り出す手段はどうするんでしょう,[],
0x3BFD4,245716,64,2,そこを一網打尽にする、ってことでいいのかな,[],
0x3C3D0,246736,79,1,この策は、姉上のために必要な、避けて通れないことです,[],
0x3C9DB,248283,83,3,"*Cough, cough* Y-YOU...! So all this shit was your idea, huh!? Outta the damn way!",[],
0x3D1C7,250311,95,1,"哈克等人成功捉住了伯勞一夥。
可憐的伯勞被當作鵟的代罪羔羊押走。",[],
0x3D3CB,250827,98,1,"アンジュ誘拐事件の功労者として、
ハクは帝に謁見することとなった。",[],
0x3FF9F,262047,124,996,ああ、いやなに。　一杯ひっかける前にチョイと遊びにでも行かねえかと誘うつもりでな。,[],
0x407B3,264115,113,1,"就是那些該死的莊家開設的無照賭場。
不僅如此，還連帶讓假貨跟詐欺行為橫行啊。",[],
0x40BBD,265149,76,1,"Yeah, I've been following some rumors. They all led me to one gambling den.",[],
0x410D9,266457,104,1,"さらに聞き込んでいくうちに、
胴元が……あのデコポンポだと判ったのさ。",[],
0x414AA,267434,105,2,"I need hard, solid proof. Otherwise, the moment I try meddling, they'll throw everything they can at me.",[],
0x415E3,267747,63,1,Sounds pretty tedious. Can't you just walk right in as Oshtor?,[],
0x419DD,268765,43,1,喂喂，這可不像平常的右近啊。,[],
0x4219B,270747,103,1,外れ長屋の連中が言ってた川沿いの<酒蔵:さかぐら>のこと、覚えてるかい。,"[""<酒蔵:さかぐら>""]",
0x426F9,272121,110,3,"我們會喬裝成客人上船，不是去做什麼危險的事啦。
你看，邀請函我都弄到手了。",[],
0x42B88,273288,140,2,"我知道了啦，真拿你沒辦法。
都來到這裡了就奉陪到底吧……但要是發生危險的話我真的會先逃跑的喔。",[],
0x437D0,276432,76,1,在那房間裡有個牢籠，裡面關著看起來兇猛無比的蟲子。,[],
0x43DB0,277936,113,1,"激しさと、殺し喰らうまで止めない残虐さで、
一部に根強い人気があるんだが……",[],
0x44BCC,281548,79,2,"I... s'pose. No, this still isn't enough. I might need to dig a little deeper.",[],
0x44DC5,282053,101,1,"いや、何か違うか。
頭が痛くなるような子供じみた言い訳をしてだな……",[],
0x44FC5,282565,74,1,"一度上に戻るぜ。
あまりここに長居するのもマズイ。",[],
0x461A2,287138,100,1,This is bad... Real bad! That means all the cages on the boat are open! Th-This can't be happening!,[],
0x463FB,287739,15,1,GYAAAAAAAAHHH!,[],
0x473FA,291834,140,1,"いや、言われてみりゃあ、その通りかもしれねぇ。
判っちゃいたが、自分じゃ気が付かねえモンだな。",[],
0x479EC,293356,58,2,既然下定決心了那就不客氣地……開動啦。,[],
0x485FC,296444,13,1,演出……,[],
0x48FD6,298966,77,1,"さぁ、気を静めるのだ……
蟲達よ、おびえずとも良い。",[],
0x497B4,300980,128,1,"船底からなだれ込んで来た蟲があちこちで暴れ始め、
もはや収拾がつかなくなってきている。",[],
0x49FB5,303029,100,1,"I'm going to help the survivors escape. If we can get to the deck, there should be emergency boats.",[],
0x4A5B6,304566,114,1,"就說沒辦法啊。
那艘船怎麼看都已經載滿了。
要是連我們都搭上去的話絕對會沉的。",[],
0x4A9C8,305608,64,1,怎麼可能呢，對於小哥我只有說不完的感激啊。,[],
0x4ACE0,306400,61,1,And having to search all on my own would've been real rough.,[],
0x4BBBB,310203,125,2,"ない！　……な、なんでないにゃもか！？
さてはボコイナンテ、おみゃあが盗んだにゃも！",[],
0x4CDFE,314878,80,1,"何をしてるにゃも！
とっととワシの舟から降りるにゃも！",[],
0x4CEBC,315068,77,2,"そんな殺生なっ！
助けてくださいであります#@ーー#っ！",[],
0x4D1AC,315820,22,1,Gyaa#@ーーーー#!!,[],
0x4D1E4,315876,31,1,結果還是變成這樣啊！,[],
0x4DFD9,319449,83,2,"何を<呑気:のんき>に言ってやがる。
もう小舟は無いんだぞ。","[""<呑気:のんき>""]",
0x4E7C3,321475,104,1,"As I feel myself slipping away, and the numbness sets in, I see the golden statue smiling from my sash.",[],
0x4F18A,323978,122,1,"あの豪華な屋形船は、大炎上してる真っ最中だった。
火柱が赤々と夜空を照らしている。",[],
0x4FDA5,327077,108,2,"With the show over, the spectators head home, and the area is totally silent... like nothing ever happened.",[],
0x4FFC9,327625,122,1307,"ああ、客を避難させることが出来たおかげで、
厄介な問題までにはならなかったからな。",[],
0x503EA,328682,52,1,比起那個，小哥，這個你覺得怎麼樣？,[],
0x513FD,332797,118,1,我那麼斤斤計較地計算著錢包的重量，一點一點地買酒喝，他卻隨時喝著這種高級美酒。,[],
0x515DB,333275,71,1,"Heh heh... Look at that, kid. The moon's filled up just right tonight.",[],
0x52347,336711,33,1,Hm? What's this all of a sudden?,[],
0x52800,337920,110,1,"ま、過去にぽっかり穴のあいた半端モンだが、
とりあえずは生きていけるしな。",[],
0x529B8,338360,83,1,"And having no past means I don't have to act out two different parts, like you do.",[],
0x53695,341653,125,1,"だけどよ、以前にも言ったと思うが、
オシュトルではやりにくい事が増えてきちまってな。",[],
0x539CC,342476,101,1,"Heh, yeah. It was embarrassing at first, but I realized Ukon was a lot closer to my image of my dad.",[],
0x53FA3,343971,121,1,今天也是，如果只有我一個人的話可能就大事不妙了，最後卻像這樣，算是成功解決了啊。,[],
0x55593,349587,176,1,"アトゥイの要請で戦場に赴いたハク一行が目の当たりにしたのは、
まさに奇襲をかけんと進軍するウズールッシャの一団だった。",[],
0x55DFF,351743,13,1,…………,[],
0x55FF1,352241,16,2,射擊#@－－#,"[""#@－－#""]",
0x56BE6,355302,48,1,"Understood. We offer our selves to you, Master.",[],
0x56FAC,356268,85,1,Grr... Damn you... Don't think you've won yet! We are our glorious leader's#@－－#,"[""#@－－#""]",
0x577DA,358362,74,2,"你……你還在猶豫什麼！
快、快把他們全部幹掉啊！！",[],
0x57FF2,360434,25,2,That's right. Kill them!,[],
0x581E7,360935,37,4,知っているのか、クオン！,[],
0x593B5,365493,92,1,"なんてことするんだヤクトワルト！！
これでは、これでは人質が！",[],
0x597B9,366521,73,1,你們這些人，不會天真地認為他們會老實解放人質吧？,[],
0x59EE9,368361,85,2,他の連中もそれに習い、武器を差し出し、土下座をしてきた。,[],
0x5A5EE,370158,46,1,你們知道被擄走的人們在哪裡嗎？,[],
0x5ADFF,372223,130,1,可是，照我來看老爺是指揮的中心人物。沒有相應的稱呼可不好。改叫首領，或是大將比較好嗎？,[],
0x5B7EB,374763,61,1,哼哼，螻蟻之輩死命地躲在他們的巢穴裡呢。,[],
0x5BFEF,376815,86,1,"大和的兵力有限。
考慮地形後這裡能夠配置的兵力最多兩萬……",[],
0x5C3F3,377843,82,1,Ah! The elite soldiers of Lord Gundhurua have arrived. The time has finally come!,[],
0x5C9C9,379337,108,1,"そうか。
民も守れずに死ぬとは哀れ。
せめてこの場で華々しく死ぬがよい！！",[],
0x5D1FF,381439,25,1,全軍、一歩前進。,[],
0x5D991,383377,113,1,"見誤ったのだ<汝:なんじ>等は。
そして、触れてはいけないものに触れてしまった。","[""<汝:なんじ>""]",
0x5DBDF,383967,34,1,別開玩笑了啊啊啊啊！！,[],
0x5EDE9,388585,92,1,"此時挺身而出的，是勸諫憤怒不已的主君，
主動殿後的隊長澤古尼。",[],
0x5EFE4,389092,64,2,遠くからヤマトの軍勢の<鬨:とき>の声が響く。,"[""<鬨:とき>""]",
0x5F2F7,389879,38,1,Very well... What will be my options?,[],
0x5FF99,393113,121,2418,まだ生きているか？　命あるならば決して無駄にするな、たとえ泥水をすすってでも……,[],
0x604EE,394478,22,1,あ、あれは……,[],
0x605CE,394702,84,1,"A single man stands before the remnants of the Uzurushan army, blocking their way. ",[],
0x607FA,395258,7,1,……,[],
0x61200,397824,34,1,你……是要捨身成仁嗎？,[],
0x613D0,398288,52,1,袞杜魯亞並未回答澤古尼，轉身離去。,[],
0x616F3,399091,92,1,"自ら捨て石となり、グンドゥルアを逃がすか……
その覚悟や潔し。",[],
0x61BDD,400349,56,1,"我是隊長澤古尼！
希望與你單挑決鬥！！",[],
0x61FFE,401406,25,1,おおおおーっ！！,[],
0x623CA,402378,104,1,"すでに満身創痍。
全身が悲鳴をあげる中、それでもゼグニは立ち上がった。",[],
0x628F1,403697,31,1,ゼグニ殿、参られよ！,[],
0x62BC8,404424,92,1,"電光石火間，
雙方都使出了迅雷不及掩耳的攻擊……一切回歸寂靜。",[],
0x631E5,405989,43,1,哼……成功給你……一擊了嗎。,[],
0x635E3,407011,101,1,"What an extraordinary man you were. You protected your lord, and died with honor as a brave samurai.",[],
0x63AF1,408305,76,1,Oshtor quickly begins pursuing Gundhurua as he leaves the site of his duel.,[],
0x64FCD,413645,200,1,"帰国後、老人ミトの願いにより遺跡調査を行うことになったハクたち。
示された場所は、今まで未調査だったウズールッシャのとある地域だった。",[],
0x65281,414337,131,1,"哈克在當地和麻呂呂偶然重逢，一起前往遺跡深處。
那裡是好幾個像棺材一樣的裝置相連的設施。",[],
0x65984,416132,136,1,ハイです。過去にもこれと同じものが発見されていて、そこには古代のヒトが埋葬されていたのです,[],
0x65BDB,416731,49,1,自分はここを……知っている……？,[],
0x65DBC,417212,73,1,信じられないのです、腐敗もせずに残っているなんて,[],
0x65EE4,417508,34,1,ッ、待って、ハク#@－－#,"[""#@－－#""]",
0x66BE6,420838,84,1,"I know they're immortal and all, but I still didn't expect them to be this tough...",[],
0x66DB3,421299,82,1,"Kuon, do you know anything else about them? Some kind of weakness we can exploit?",[],
0x673E5,422885,122,1,"待てよ、あの棺の中に入っていたヤツ……
棺を開けたからあのスライムに変化したんだ。",[],
0x678E6,424166,61,1,あの壁を這っている大きな管、わかるな！？,[],
0x679E0,424416,77,3,"那個金屬管子裡有冷氣，
大概就是靠那個冷凍棺木的吧。",[],
0x684FB,427259,13,1,Miss Kuon...,[],
0x685D7,427479,89,1,Haku's plans always sound really bizarre... but they always seem to work out in the end.,[],
0x689E5,428517,65,1,"カチンコチンだな。
ちょっと触ってもいいか？",[],
0x690DA,430298,40,1,人類變成祟的驚愕景象#@－－#,"[""#@－－#""]",
0x691F4,430580,86,1,"The shock unearths Haku's lost memories
and he's struck by what Kuon whispers to him.",[],
0x692F0,430832,58,1,就當真相已近在眼前時，哈克失去了意識。,[],
0x6A200,434688,3,2,(~,[],
0x6A8E2,436450,64,1,だが……事態は風雲急を告げようとしていた。,[],
0x6B4EF,439535,31,1,哎呀呀，不能做掉嗎？,[],
0x6B5D7,439767,49,1,なるほど……ふふ、了解しました。,[],
0x6C0C9,442569,65,1,"All right. Let's do this just like we planned. Ready, Jachdwalt?",[],
0x6C4F4,443636,80,1,"我確實擔心祖國，
但比起這個我更擔心哈克和大家的安危。",[],
0x6CBE1,445409,122,1,"ハクなら気付いてるはずだよ。
この状況、その気になればヤマト軍は壊滅させられてた。",[],
0x6CCC9,445641,92,1,"I'm sure you've noticed, Haku. The Tuskur army could annihilate Yamato's if they wanted to.",[],
0x6D8D3,448723,73,1,Sound the retreat. We will fall back and regroup outside of their range.,[],
0x6E19E,450974,113,1,"真是不稱心。
雖然在下已經引頸期盼這一刻很久了，但也就唯獨現在不希望他出現。",[],
0x6E4F2,451826,16,1,#@－－#！？,"[""#@－－#""]",
0x6F0E9,454889,41,1,We all go through this when we're young.,[],
0x6F7F2,456690,22,1,クオンさま……,[],
0x6FCBF,457919,131,1,"其れが同郷の仲間であろうと、其れが敬愛する親であろうと、
其れが可愛い我が子であろうと。",[],
0x6FFF2,458738,85,1477,<戦:いくさ>狂いの覚悟を、勝手に押し付けないでほしいかな。,"[""<戦:いくさ>""]",
0x70DE5,462309,31,1,うひ……うひひひ……,[],
0x721F6,467446,12,1,W-We won...,[],
0x723FA,467962,47,1,It's not over yet! Nobody let your guard down.,[],
0x732A5,471717,112,1,的確，偷吃了幾次大小姐的點心，是我不對，但是那也只是個小小的惡作劇而已嘛。,[],
0x73E98,474776,118,1,我等を信じ敵陣奥へと襲撃を仕掛けたハク殿達の為に、ここで退くわけにはいかぬのだ,[],
0x749D5,477653,122,2,"圧倒的な闘気をまとった槍撃を、
歯を食いしばって堪え、<鍔迫:つばぜ>り合いを続ける。","[""<鍔迫:つばぜ>""]",
0x74AAD,477869,95,1,"Munechika grits her teeth, keeping up her defense, the clash of steel continuing relentlessly.",[],
0x756D6,480982,70,1,話說，身體也差不多活動開了，差不多該繼續了吧？,[],
0x75BFE,482302,10,2,あん？,[],
0x762B8,484024,103,1,そうそう、お嬢も一緒でしたぜ。元気にやってるようで、何よりでしたがね,[],
0x77FC4,491460,106,1,<帝:ミカド>の崩御の知らせを受けて、<狼狽:うろた>えていた感じがしたこと。,"[""<帝:ミカド>"", ""<狼狽:うろた>""]",
0x793E2,496610,31,2,什麼啊，這些傢伙……,[],
0x79FD8,499672,98,2,"那群人怎麼回事啊？
都被打得遍體鱗傷了還一直衝過來，是瘋了嗎……？",[],
0x7E500,517376,19,2,<余:よ>は……,"[""<余:よ>""]",
0x7ECC0,519360,109,1,就算看到突然闖入的身影，杏樹也只是將那無法聚焦的瞳孔轉向這邊，毫無反應。,[],
0x7FEBE,523966,91,1,"I do not deny it. Yet regardless of his strength, our liege never looked down upon others.",[],
0x7FF96,524182,107,1652,"你只要試試看就知道鄙人是否在愚弄你了。
說不定能夠再次嘗到敗北的滋味呢？",[],
0x810BE,528574,106,1,もう……迷わない。私は兄上#@－－#いえ、右近衛大将オシュトルの剣となる！,"[""#@－－#""]",
0x844D1,541905,79,1,でも、それにはどこか安全なところに落ち着くのが先かな,[],
0x847E7,542695,67,2,皇女さんがこんな状態では、それは難しいだろう,[],
0x85CE5,548069,34,1,うむ、私も一緒に行こう,[],
0x85FFD,548861,10,1,はい！,[],
0x87AFC,555772,7,1,fSϣh,[],
0x881E9,557545,59,1,"After a hard battle,
Haku's group is able to defeat Vurai.",[],
0x88CB2,560306,88,1,ですが<兄:あに>さま。それなら尚更、みんなで協力した方が……,"[""<兄:あに>""]",
0x893E7,562151,76,1,ハク、後は頼むぞ。先にエンナカムイで待っていてくれ,[],
0x89E9A,564890,152,1,それも駄目だ、皇女さんの護りが手薄になる。ウルゥル、サラァナが寝込んでる現状、人手を減らすのは不味い ,[],
0x8A000,565248,55,2,<皆:みんな>連れて戻るから、安心しろ！,"[""<皆:みんな>""]",
0x8A6F2,567026,73,2,駄目に決まってるだろ。って言いたい所だがなぁ……,[],
0x8B0F5,569589,100,1,「吾之武勇皆為帝皇所賜，故吾不可敗北，亦不可容忍此武勇遭受玷汙。」,[],
0x8B7FE,571390,23,1,RRRRAAAAAAAAAAAAAAAH!!,[],
0x8BFF5,573429,67,1,立テ、オシュトル。死合イハ始マッタバカリゾ！,[],
0x8C3FB,574459,19,1,THIS IS THE END...,[],
0x8D1E0,578016,49,1,「啊啊啊啊啊啊啊啊啊啊啊啊！！」,[],
0x8D5E6,579046,34,1,ヴライィィィィィィ！！,[],
0x8DDEA,581098,43,2,Ow. Ow! Stop hitting me with that#@－－#,"[""#@－－#""]",
0x8E398,582552,109,1,"If memory serves, we first fought together under 
circumstances similar to this. Back to back, at a cliff...",[],
0x8E8CD,583885,92,1,"Always so carefree, never taking life too seriously,
looking for ways to get out of work...",[],
0x8F5B6,587190,76,1,<仮面の者:アクルトゥルカ>同士の死闘はついに決した。,"[""<仮面の者:アクルトゥルカ>""]",
0x8FBA2,588706,113,2,"悲しみに暮れたクオンは、
傷心のままひとりエンナカムイを後にするのだった……",[],
0x8FFFD,589821,137,2666,"コマンドで口パクなしにもできます
・・・・　みたいなものとか心の声みたいなものに使用する予定",[],
0x907FC,591868,7,1,)]H]-R,[],
0x947DA,608218,88,1,そして<我:われ>こそが#@－－#、このヴライこそが、乱世を制す！,"[""<我:われ>"", ""#@－－#""]",
0x948A9,608425,88,1,このヴライの<傀儡:かいらい>として、<我:われ>が覇道の贄と成せ,"[""<傀儡:かいらい>"", ""<我:われ>""]",
0x95AE1,613089,52,1,ヤクトワルト、オウギ、攪乱を頼む！,[],
0x96CEA,617706,46,1,まさか……あれだけ喰らって……,[],
0x97EFA,622330,67,1,うん。皇女さま、聞こえてる？　口を開けてみて,[],
0x981E8,623080,79,2,でも、それにはどこか安全なところに落ち着くのが先かな,[],
0x98FFB,626683,148,1,まあ、色々あってな。前にウズールッシャの遺跡の<衛士:えじ>に見せた時は効果<覿面:てきめん>だったんだが,"[""<衛士:えじ>"", ""<覿面:てきめん>""]",
0x99091,626833,142,1,状況が状況だ。果たして通用するかは某にも判らぬ。事情に通じている者が見れば、むしろ怪しむだろう,[],
0x99FA3,630691,124,1,確かに、男物の服はクオン達にはかなり大きい。袖や裾はだいぶ余ってしまっているし……,[],
0x9A2DF,631519,67,1,ホノカ様のご無事を何としても確かめたいのです,[],
0x9A4AE,631982,85,1,ヴライとの戦いで精根尽きたハクたちに、一時の安堵が漂う。,[],
0x9B0AD,635053,88,1,だって……<兄:あに>さまはひどい怪我をしてるです。なのに……,"[""<兄:あに>""]",
0x9B4F4,636148,79,1,は、放せ！　放すです！　<何処:どこ>さわってるですか！,"[""<何処:どこ>""]",
0x9BCE9,638185,34,1,待て、ならば私も行こう,[],
0x9C6E9,640745,154,1,なら行くぞ。言っとくが遠くから奴等の様子を<窺:うかが>うだけだからな。　くれぐれも声を出したりするなよ。,"[""<窺:うかが>""]",
0x9C8F9,641273,40,1,オオオオオオオオオオッ！！,[],
0x9D8DD,645341,58,1,コノ……小娘ガァァァァァァァァァァ！！,[],
0x9E1FE,647678,28,1,オ、オシュトル……,[],
